thai_name,thai_script,english_name,description,region,image_url,category
Koi,ก้อย,Spicy Raw Beef Salad,"A traditional Isan-style dish made with raw or lightly cooked beef mixed with lime juice, fish sauce, chili, and fresh herbs. Known for its bold and tangy flavor, it’s often enjoyed with sticky rice.",Northeast,https://hungryinthailand.com/wp-content/uploads/2024/01/raw-larb-thai-raw-beef-salad.webp,Salads
Kuai Chap,กวยจั๊บ,Rolled Rice Noodle Soup,"A Chinese-influenced Thai soup featuring rolled rice noodles, pork belly, garlic, soy sauce, and a peppery broth. Often served with a variety of pork cuts and a hard-boiled egg.",Central,https://i.redd.it/07isyuoxloka1.jpg,Noodle dishes
Kuai Tiao,ก๋วยเตี๋ยว,Thai Noodle Soup,"A versatile noodle soup commonly made with rice noodles, pork or chicken, bean sprouts, garlic, and fish sauce. Found at nearly every street food stall across Thailand.",Central,https://media.timeout.com/images/105256959/750/422/image.jpg,Noodle dishes
Kuai Tiao Khaek,ก๋วยเตี๋ยวแขก,Muslim-style Curry Noodles,"A noodle dish influenced by Thai-Muslim cuisine, featuring beef with curry powder, coconut milk, and aromatic spices. Rich, savory, and slightly sweet.",Central,https://www.tasteatlas.com/images/dishes/8851359133b043559f05d2a11770983c.jpg,Noodle dishes
Kuai Tiao Kua Kai,ก๋วยเตี๋ยวคั่วไก่,Stir-fried Chicken Noodles,"Flat rice noodles stir-fried with chicken, garlic, and soy sauce for a smoky flavor. Often served with a runny fried egg on top.",Central,https://upload.wikimedia.org/wikipedia/commons/thumb/a/a5/Kuai-tiao_khua_kai_%28noodles_fried_with_chicken%29%2C_Bangkok%2C_2018-11-14.jpg/1024px-Kuai-tiao_khua_kai_%28noodles_fried_with_chicken%29%2C_Bangkok%2C_2018-11-14.jpg,Noodle dishes
Kuai Tiao Pak Mo,ก๋วยเตี๋ยวปากหม้อ,Steamed Rice Noodle Dumpling Soup,"A noodle soup featuring steamed rice flour dumplings filled with pork, garlic, and herbs. Served in a light broth, it is a delicate and comforting dish.",Central,https://hot-thai-kitchen.com/wp-content/uploads/2024/08/look-chin-pla-noodle-soup-sq-2.jpg,Noodle dishes
Kuai Tiao Mon,ก๋วยเตี๋ยวมอญ,Mon-style Noodles,"A traditional noodle soup influenced by the Mon people, made with rice noodles, pork, herbs, and fish sauce. Known for its simple yet fragrant flavors.",Central,https://s3-media0.fl.yelpcdn.com/bphoto/3Y0Lc_NL50hOpy59bnKXBQ/348s.jpg,Noodle dishes
Kuai Tiao Ruea,ก๋วยเตี๋ยวเรือ,Boat Noodles,"A famous Thai street food dish of rice noodles in a rich broth flavored with pork or beef, herbs, and a touch of pig’s or cow’s blood for depth. Typically served in small bowls with bean sprouts.",Central,https://hungryinthailand.com/wp-content/uploads/2024/03/thai-boat-noodles-500x500.webp,Noodle dishes
Kung Chae Nam Pla,กุ้งแช่น้ำปลา,Shrimp in Fish Sauce,"A spicy and tangy dish of raw shrimp marinated in fish sauce, garlic, lime, and chili. It is a popular Thai appetizer with bold flavors.",South,https://i.ytimg.com/vi/FviLrlvK8pw/maxresdefault.jpg,Salads
Koey Yeung Kok Siang Bi,เกยย้งก๊กเซียงบี๊,Koey Yeung Kok Siang Bi,"A lesser-known Central Thai dish made with pork, soy sauce, and mixed herbs. It is savory and aromatic, often enjoyed with rice.",Central,https://api2.krua.co/wp-content/uploads/2020/06/ImageBanner_1140x507-01-217-scaled.jpg,Soups
Kao Lao,เกาเหลา,Kao Lao Soup,"A clear beef broth soup often served without noodles, containing vegetables, garlic, fish sauce, and cuts of pork or beef. It is light yet savory, commonly enjoyed with rice.",Central,https://www.seriouseats.com/thmb/RD66WCnAomxAw6BrlTrPuCr4O_U=/1500x0/filters:no_upscale():max_bytes(150000):strip_icc()/__opt__aboutcom__coeus__resources__content_migration__serious_eats__seriouseats.com__2019__07__20190718-Khao-piak-sen-laotian-noodle-soup-liz-clayman-25-9ed0f66181f440bdacbd24f99bb852c5.jpg,Soups
Kiem Ee,เกี้ยมอี๋,Rice Noodle Soup with Pork,"A comforting noodle soup made with short, round rice noodles served in a clear broth with pork, garlic, and fish sauce. Popular for its mild and soothing flavor.",Central,https://img.wongnai.com/p/1920x0/2022/03/20/8e96bd5e3fab41778bf1ebe61af24978.jpg,Noodle dishes
Kai Koa Lae,ไก่กอและ,Grilled Southern Spiced Chicken,"A Southern Thai specialty of chicken marinated with coconut milk, turmeric, and aromatic spices, then grilled over charcoal. Known for its smoky, spicy, and rich flavor.",South,https://recipe.sgethai.com/wp-content/uploads/2025/05/cover-kai-kor-lae_result.webp,Meat dishes
Kai Katet,ไก่กะเต็ด,Kai Katet,"A regional chicken dish prepared with soy sauce, garlic, and local spices. It has a savory, slightly sweet taste and is typically eaten with rice.",,https://mpics.mgronline.com/pics/Images/560000000319104.JPEG,Meat dishes
Kai Tai Nam,ไก่ใต้น้ำ,Steamed Chicken with Herbs,"A Northern Thai dish where chicken is marinated with herbs, garlic, and soy sauce, then cooked slowly in its own juices. The result is tender, aromatic, and full of flavor.",North,https://images.aws.nestle.recipes/original/82e50d2d9e611b40e2f9cf3bb8cdd08c_ne_ไก่ใต้น้ำ.png,Meat dishes
Kai Yang,ไก่ย่าง,Grilled Chicken,"A popular Isan-style dish of chicken marinated with garlic, soy sauce, and spices, then grilled until smoky and crisp. Traditionally served with sticky rice and spicy dipping sauce.",Northeast,https://recipe.sgethai.com/wp-content/uploads/2025/05/cover-grilled-chicken-wings_result.webp,Meat dishes
Kai Ob Fang,ไก่อบฟาง,Straw-roasted Chicken,"A traditional Central Thai dish where chicken is marinated with soy sauce, garlic, and herbs, then roasted over burning straw. This unique method gives the meat a smoky aroma and tender texture.",Central,https://img.salehere.co.th/p/1200x0/2021/05/25/tkfa0hbnge64.jpg,Meat dishes
Khanom Chin,ขนมจีน,Fermented Rice Noodles,"Thin rice noodles made from fermented rice, usually served with various curries or coconut milk-based sauces. A staple dish across Thailand, often eaten with fresh vegetables and herbs.",,https://d3h1lg3ksw6i6b.cloudfront.net/media/image/2022/06/14/aee054fdb2ac43b8947281401368b635_Get_To_Know_How_Khanom_Chin_Conquered_Thailand_%281%29.jpg,Noodle dishes
Khanom Chin Kaeng Kai Kua,ขนมจีนแกงไก่คั่ว,Rice Noodles with Chicken Curry,"Fermented rice noodles topped with a rich chicken curry made with coconut milk and aromatic spices. This dish is creamy, savory, and widely enjoyed in many regions of Thailand.",,https://img.wongnai.com/p/1920x0/2018/05/28/db770b85d31e42edb1c5f00dd7309d1e.jpg,Noodle dishes
Khao Kan Chin,ข้าวกั๊นจิ๊น,Khao Kan Chin,"A Northern Thai specialty of rice mixed with pork blood, seasoned with garlic and fish sauce, and steamed inside banana leaves. It is typically served with fresh vegetables and chili.",North,https://www.thailandblog.nl/wp-content/uploads/kan-chin.jpg,Rice dishes
Khao Kha Mu,ข้าวขาหมู,Stewed Pork Leg on Rice,"A beloved Thai street food dish featuring tender stewed pork leg served over rice with soy sauce, garlic, and star anise seasoning. Commonly accompanied by pickled mustard greens and a boiled egg.",Central,https://img.wongnai.com/p/1920x0/2017/06/26/16b349df2d5b471bbca679e6117f1544.jpg,Rice dishes
Khao Khluk Kapi,ข้าวคลุกกะปิ,Shrimp Paste Fried Rice,"A fragrant Thai rice dish stir-fried with shrimp paste and served with accompaniments like sweet pork, egg, shallots, and fresh chili. It is savory, aromatic, and slightly spicy.",Central,https://i.ytimg.com/vi/lNE7QpyKBbc/maxresdefault.jpg,Rice dishes
Khao Chi,ข้าวจี่,Grilled Sticky Rice,"A Northeastern Thai snack made from sticky rice molded into patties, brushed with egg or soy sauce, and grilled until crispy. It is smoky, crunchy, and often eaten as street food.",Northeast,https://hungryinthailand.com/wp-content/uploads/2023/03/Khao-jee-1-768x1024.webp,Rice dishes
Khao Chae,ข้าวแช่,Rice in Jasmine-scented Water,"A traditional Central Thai summer dish of rice soaked in cool jasmine-scented water, served with side dishes like shrimp paste balls, stuffed shallots, and sweet pork. It is refreshing and aromatic.",Central,https://www.google.com/url?sa=i&url=https%3A%2F%2Fguide.michelin.com%2Fth%2Fen%2Farticle%2Ffeatures%2Fwhat-is-khao-chae-songkran&psig=AOvVaw1ZXAgyt8-6e29KQDe1eUpV&ust=1756893567296000&source=images&cd=vfe&opi=89978449&ved=0CBUQjRxqFwoTCKCCoNnouY8DFQAAAAAdAAAAABAJ,Rice dishes
Khao Soi,ข้าวซอย,Northern Thai Curry Noodles,"A creamy coconut curry noodle soup topped with chicken or beef, crispy fried noodles, pickled mustard greens, and shallots. It is a famous Northern Thai dish with Burmese influences.",North,https://thetravelbite.com/wp-content/uploads/2016/01/khao-soi-7-scaled-735x1102.jpg,Noodle dishes
Khao Dok Rai,ข้าวดอกราย,Khao Dok Rai,"A traditional northern Thai dish made from glutinous rice mixed with shredded coconut and sugar. It is mildly sweet, fragrant, and often served as a local snack or dessert.",,https://www.thepha-sk.go.th/file/otop/ghqmu20230324145200.jpg,Rice dishes
Khao Tom,ข้าวต้ม,Rice Porridge,"A comforting Thai rice porridge often served with pork, garlic, fish sauce, and ginger. It is commonly eaten as a breakfast or late-night meal across Thailand.",,https://encrypted-tbn0.gstatic.com/images?q=tbn:ANd9GcQqwGei5jxWVrlDDOLJ7H75oc25GmwTsl7WPYCXBNlIfuPV1WWyfeyRsW1U0HPq7w1kamI&usqp=CAU,Rice dishes
Khao Pheup,ข้าวเปิ๊บ,Khao Pheup,"A lesser-known traditional dish, believed to be a regional specialty. Specific preparation details are limited, but it is considered a type of local rice-based dish.",,https://www.matichon.co.th/wp-content/uploads/2017/10/21KawPeubYaiKrueng-ข้าวเปิ๊บ-1024x768.jpg,Rice dishes
Khao Phat,ข้าวผัด,Thai Fried Rice,"A classic Thai fried rice dish stir-fried with garlic, soy sauce, egg, and a choice of meat or seafood. Often served with cucumber slices and lime on the side.",,https://recipe.sgethai.com/wp-content/uploads/2025/06/23062025-fried-rice-with-pork04.webp,Rice dishes
Khao Phat Sapparot,ข้าวผัดสับปะรด,Pineapple Fried Rice,"A colorful fried rice dish cooked with pineapple chunks, shrimp or chicken, raisins, and cashew nuts. It has a sweet and savory flavor and is often served in a hollowed pineapple.",South,https://hot-thai-kitchen.com/wp-content/uploads/2014/02/Pineapple-fried-rice-sq-2.jpg,Rice dishes
Khao Phat American,ข้าวผัดอเมริกัน,American Fried Rice,"A Central Thai adaptation of fried rice flavored with ketchup, served with side items like fried egg, sausage, ham, or fried chicken. It was influenced by Western tastes during the Vietnam War era.",Central,https://encrypted-tbn0.gstatic.com/images?q=tbn:ANd9GcQjYZpzzskJTvDltyKXkrMMufgXqbkehaLQHQ&s,Rice dishes
Khao Man Kaeng Kai,ข้าวมันแกงไก่,Chicken Curry with Rice,"A savory dish of rice served with fragrant chicken curry simmered in coconut milk, garlic, and spices. It is hearty and flavorful, often enjoyed as a filling meal.",,https://www.google.com/url?sa=i&url=https%3A%2F%2Finquiringchef.com%2Fthai-red-curry-with-chicken%2F&psig=AOvVaw2aVFLZewtv5IymesAWxSU0&ust=1756893758922000&source=images&cd=vfe&opi=89978449&ved=0CBUQjRxqFwoTCMjwz7TpuY8DFQAAAAAdAAAAABAY,Rice dishes
Khao Man Kai,ข้าวมันไก่,Hainanese Chicken Rice,"A popular Thai street food adapted from Hainanese cuisine, featuring tender boiled chicken served over garlic-infused rice with a savory soy-based dipping sauce and fresh cucumber.",Central,https://static01.nyt.com/images/2025/01/28/multimedia/KP-Hainan-Chicken-Rice-hcgv/KP-Hainan-Chicken-Rice-hcgv-mediumSquareAt3X.jpg,Rice dishes
Khao Man Somtam,ข้าวมันส้มตำ,Rice with Papaya Salad,"A fusion dish that pairs sticky rice with the spicy and tangy flavors of som tam (green papaya salad). It balances heat, sourness, and sweetness, making it a lively street food favorite.",,https://static.vecteezy.com/system/resources/previews/023/148/119/large_2x/green-papaya-salad-with-sticky-rice-photo.jpg,Rice dishes
Khao Mao,ข้าวเม่า,Khao Mao (Pounded Green Rice Flakes),"A traditional Thai dessert made from young glutinous rice grains that are pounded into soft flakes, often mixed with ripe banana and coconut milk. It is fragrant, slightly chewy, and enjoyed as a seasonal treat across Thailand.",,https://encrypted-tbn0.gstatic.com/images?q=tbn:ANd9GcQrnmULiaQ1qMvpdmOBSRIN0XyeNsmVtYrqKg&s,Sweet snacks and desserts
Khao Yam,ข้าวยำ,Southern Thai Rice Salad,"A Southern Thai specialty combining rice with fresh vegetables, herbs, toasted coconut, and a spicy-sour dressing. It is colorful, refreshing, and deeply aromatic.",South,https://hot-thai-kitchen.com/wp-content/uploads/2018/03/kao-yum-sm-1.jpg,Salads
Khao Rad Na Kai,ข้าวราดหน้าไก่,Rice with Chicken Gravy,"A Central Thai dish of rice topped with stir-fried chicken in a savory gravy made with soy sauce, garlic, and thickened broth. It is hearty and commonly served as quick street food.",Central,https://www.highheelgourmet.com/wp-content/uploads/2015/03/chicken-in-gravy-over-rice-thai-khao-na-gai-by-the-high-heel-gourmet.jpg,Rice dishes
Khao Raem Fuen,ข้าวแรมฟืน,Khao Raem Fuen,"A Northern Thai specialty made from chickpea or rice flour jelly cut into cubes and served with a savory sauce, chili, and herbs. It has a soft texture and a unique, refreshing taste.",North,https://www.northofknown.com/wp-content/uploads/2024/01/dfgrtgrtbtbDSCF7730-1.jpg,Rice dishes
Khao Sia Po,ข้าวเสียโป,Khao Sia Po,"A traditional dish believed to have Chinese-Thai origins, consisting of rice served with mixed meats, broth, and aromatic seasonings. It is known as a comforting, filling one-dish meal.",,https://static5-th.orstatic.com/userphoto/Article/0/4J/000WBU793B45ECA93DDB31j.jpg,Rice dishes
Khao Na Ped,ข้าวหน้าเป็ด,Roast Duck on Rice,"A well-loved Thai-Chinese dish of sliced roasted duck served over rice with soy sauce, garlic, and fragrant duck gravy. Often accompanied by pickled ginger and a sweet chili sauce.",Central,https://www.ajinomoto.co.th/storage/photos/shares/Recipe/Menu/3-08kawnaped/61a8eeb832b97.jpeg,Rice dishes
Khao Mok,ข้าวหมก,Thai Biryani,"The Thai Muslim version of biryani, made with fragrant yellow rice cooked with turmeric and spices, served with chicken or beef. It is especially popular in Southern Thailand.",South,https://www.ajinomoto.co.th/storage/photos/shares/Recipe/Menu/Lot5-01/61fa9434dcb32.jpg,Rice dishes
Kai Paam,ไข่ป่าม,Grilled Egg in Banana Leaf,"A Northern Thai dish where eggs are beaten with garlic and herbs, then grilled inside a banana leaf cup. The result is a smoky and fragrant egg dish often enjoyed with sticky rice.",North,https://recipe.sgethai.com/wp-content/uploads/2025/05/060525-Khai-pam-cover.webp,Egg dishes
Jok,โจ๊ก,Congee,"A Thai version of rice porridge of Chinese origin, usually cooked with minced pork, garlic, and fish sauce. It is a popular breakfast dish often served with a poached egg and fresh ginger.",Central,https://www.foodandwine.com/thmb/gPBdndXOjEGBqOdnBlqFOvzJ09g=/1500x0/filters:no_upscale():max_bytes(150000):strip_icc()/FAW-basic-chinese-congee-hero-04-f643caa36dce4137839eef70a0b1beac.jpg,Rice dishes
Soi Ju,ซอยจุ๊,Raw Beef Salad (Soi Ju),"A Northeastern Thai dish of raw or lightly seared beef mixed with fresh herbs, lime juice, chili, and garlic. It is bold, tangy, and often eaten with sticky rice.",Northeast,https://hungryinthailand.com/wp-content/uploads/2024/01/thai-raw-beef-salad-cooking-step-2.webp,Salads
Sup,ซุบ,Isan-style Sour Soup,"An Isan dish usually prepared as a spicy-sour soup with herbs, lime, chili, and seasonal vegetables. Variations include beef tendon soup or mushroom soup with a refreshing, tangy flavor.",Northeast,https://c1.staticflickr.com/3/2912/32375251294_fac08f2ed2_b.jpg,Soups
Tam Tang,ตำแตง,Cucumber Som Tam,"A variation of the famous papaya salad, made with cucumbers instead of papaya, mixed with chili, garlic, lime, and fish sauce. It is refreshing, crunchy, and spicy.",,https://menu.eatatstreat.com/media/kyxd2nq0/som-tam-cucumber.jpg,Salads
Nam Tok,น้ำตก,Nam Tok (Grilled Meat Salad),"A Northeastern Thai salad made with grilled beef or pork, sliced thin and tossed with lime juice, chili, fish sauce, and roasted rice powder. It is bold, smoky, and usually enjoyed with sticky rice.",Northeast,https://hot-thai-kitchen.com/wp-content/uploads/2022/06/nam-tok-beef-horz-4x5-1.jpg,Salads
Phat Khi Mao,ผัดขี้เมา,Drunken Noodles,"A spicy stir-fried noodle dish made with wide rice noodles, chili, garlic, holy basil, and mixed vegetables. Known for its heat and bold flavors, it is often eaten as a late-night meal.",Central,https://hot-thai-kitchen.com/wp-content/uploads/2021/07/pad-kee-mao-blog.jpg,Noodle dishes
Phat See Ew,ผัดซีอิ๊ว,Stir-fried Soy Sauce Noodles,"Wide rice noodles stir-fried with soy sauce, Chinese broccoli, egg, and either chicken, pork, or beef. A staple Thai street food with a smoky, savory taste.",Central,https://hot-thai-kitchen.com/wp-content/uploads/2023/04/Pad-see-ew-sq.jpg,Noodle dishes
Phat Thai,ผัดไทย,Pad Thai,"Thailand’s most famous noodle dish, stir-fried with rice noodles, egg, bean sprouts, tofu, and shrimp or chicken. Flavored with fish sauce, tamarind, and lime, and topped with crushed peanuts.",Central,https://upload.wikimedia.org/wikipedia/commons/3/39/Phat_Thai_kung_Chang_Khien_street_stall.jpg,Noodle dishes
Phra Ram Long Song,พระรามลงสรง,Swimming Rama,A Thai dish of blanched spinach or morning glory topped with sliced pork or chicken and smothered in a rich peanut sauce. The name means 'Rama taking a bath'.,Central,https://api2.krua.co/wp-content/uploads/2021/03/RT1636_Gallery_-01.jpg,Meat dishes
Yam Tawai,ยำทวาย,Royal Mixed Vegetable Salad,"A salad of mixed boiled vegetables served with a coconut cream and peanut dressing, often considered a royal-inspired dish. It is mild, creamy, and nutritious.",Central,https://files.ejan.co/wp-content/uploads/2023/11/5d45ab1a7019d.gif,Salads
Yam Pla Duk Fu,ยำปลาดุกฟู,Crispy Catfish Salad,"A well-known Thai salad made from deep-fried, shredded catfish served with a tangy green mango salad. Crispy, sour, spicy, and refreshing, it is a popular appetizer or shared dish.",,https://i.ytimg.com/vi/stGaCeiUxDU/sddefault.jpg,Salads
Yam Sam Krob,ยำสามกรอบ,Crispy Trio Salad,"A Thai salad made with three crispy ingredients, often pork rind, cashews, and fried shrimp, tossed with lime juice, chili, and fish sauce. It has a crunchy texture and a bold, tangy flavor.",,https://img.wongnai.com/p/1920x0/2019/03/23/a2354ab2a56c41168113f0e227b57719.jpg,Salads
Yam Yai,ยำใหญ่,Grand Mixed Salad,"A traditional Thai mixed salad that combines vegetables, pork, and shrimp with a sweet and tangy fish sauce-based dressing. It is considered one of Thailand’s classic royal-inspired dishes.",Central,https://img.wongnai.com/p/1920x0/2018/09/11/60880f95ecfd4ff68756ec9e680a6f3f.jpg,Salads
Yen Ta Fo,เย็นตาโฟ,Pink Noodle Soup,"A noodle soup with a distinctive pink broth made from fermented bean curd, served with fish balls, fried tofu, morning glory, and wide rice noodles. It is savory, slightly sweet, and tangy.",Central,https://food.mthai.com/app/uploads/2015/05/10390363_604556829675113_5458183944058722391_n.jpg,Noodle dishes
Ro Yor,รอเยาะ,Ro Yor,"A traditional Southern Thai Muslim curry dish, rich with coconut milk, spices, and herbs. Its exact preparation varies but it is deeply flavorful and aromatic.",South,https://img.kapook.com/u/2018/surauch/cooking/co1/r1.jpg,Curries
Rad Na,ราดหน้า,Noodles with Gravy,"A popular street food made with wide rice noodles topped with a thick savory gravy, Chinese broccoli, and meat such as pork, chicken, or seafood. It is rich, smooth, and comforting.",Central,https://recipe.sgethai.com/wp-content/uploads/2025/04/250416-rad-na-thai-06.webp,Noodle dishes
La Sao,ละซอ,La Sao,"A traditional northern Thai noodle dish served with a light curry-style broth, herbs, and fresh vegetables. It has a mild, savory flavor and is enjoyed as a local specialty.",,https://i1.ytimg.com/vi/vrCbDWSWuk4/hqdefault.jpg,Rice dishes
Laab,ลาบ,Laab,Minced meat salad+fish sauce+garlic,Northeast,https://hot-thai-kitchen.com/wp-content/uploads/2023/08/laab-moo.jpg,main dish
Som Tam,ส้มตำ,Green Papaya Salad,"Thailand’s iconic salad made with shredded green papaya, garlic, chili, lime, fish sauce, and peanuts. It is spicy, sour, salty, and slightly sweet, often eaten with sticky rice and grilled meats.",Northeast,https://encrypted-tbn1.gstatic.com/images?q=tbn:ANd9GcQ9f-1Fn_qqNXFlNEE6CB7H9hJHNnx-OTDq7PuqDcyouv8-KAumDhydoGnEOcEhlv6BTu4nLQ,Salads
Sa Uh,สะเออะ,Sa Uh,A little-documented regional dish with unclear origins. It is believed to be a rustic preparation using local ingredients and traditional seasoning styles.,,https://i.ytimg.com/vi/TEdV3EwLb9I/maxresdefault.jpg,Meat dishes
Suea Rong Hai,เสือร้องไห้,Crying Tiger,"A famous Northeastern Thai grilled beef dish, marinated and charred over open flames. Served with a spicy jaew dipping sauce made of chili, lime, and roasted rice powder.",Northeast,https://encrypted-tbn0.gstatic.com/images?q=tbn:ANd9GcQfAlJbU_qalzoGf16R4ljKYWylsQOLBwx6PQ&s,Grilled dishes
Sai Krok Isan,ไส้กรอกอีสาน,Isan Fermented Sausage,"A traditional Northeastern Thai sausage made from pork, garlic, sticky rice, and salt, left to ferment before grilling. It has a tangy flavor and is commonly eaten with fresh chilies and cabbage.",Northeast,https://baansomtum.com/wp-content/uploads/7-scaled.jpg,Meat dishes
Sai Ua,ไส้อั่ว,Northern Thai Sausage,"A signature sausage of Northern Thailand made with minced pork, garlic, chili, lemongrass, and herbs. It is aromatic, spicy, and grilled until juicy and smoky.",North,https://encrypted-tbn2.gstatic.com/images?q=tbn:ANd9GcQzKYj1G3-2WoxAIwW5PFaQTzlONHAxVOOmp-UHjrzk2wRBL5GL0iYwRizjxjZiinE3eiCKBA,Meat dishes
Mam,หม่ำ,Mam Sausage,"A traditional fermented sausage found in Northeastern Thailand, made from beef or pork mixed with garlic and spices, then cured. It has a strong, tangy flavor and is often eaten grilled.",Northeast,https://i.ytimg.com/vi/NJe_Juq3Ess/hq720.jpg?sqp=-oaymwEhCK4FEIIDSFryq4qpAxMIARUAAAAAGAElAADIQj0AgKJD&rs=AOn4CLC2LQhwH2bzJ3dq-DtnadmZ-olymA,Grilled dishes
Mee Krob,หมี่กรอบ,Crispy Sweet and Sour Noodles,"A traditional Central Thai dish of crispy fried rice noodles coated in a sweet and tangy sauce made with tamarind, sugar, and fish sauce. It is crunchy, fragrant, and often garnished with herbs and citrus peel.",Central,https://i.ytimg.com/vi/MUsOr-qW6OA/maxresdefault.jpg,Noodle dishes
Mee Kati,หมี่กะทิ,Rice Noodles with Coconut Milk,"A Central Thai noodle dish made with thin rice noodles topped with a rich coconut milk-based sauce, ground peanuts, and a hint of fish sauce. It is creamy, savory, and slightly sweet.",Central,https://recipe.sgethai.com/wp-content/uploads/2025/05/27052025-mee-kati04.webp,Noodle dishes
Moo Manao,หมูมะนาว,Pork with Lime Sauce,"A refreshing Thai dish of sliced pork served with a spicy lime, garlic, and chili dressing. It is tangy and bold, often eaten with fresh vegetables and sticky rice.",,https://s359.kapook.com/pagebuilder/24880945-5db1-4cc9-b6d0-03f657f46bf5.jpg,Meat dishes
Hoi Tod,หอยทอด,Crispy Oyster Omelette,"A popular Thai street food consisting of a crispy omelette with oysters, fish sauce, garlic, and bean sprouts. It is savory, crunchy on the outside, and chewy inside.",Central,https://img.wongnai.com/p/1920x0/2018/12/15/bb08773d48034780ab503b1a4902a6f8.jpg,Egg dishes
Ang Kab Bob,อังแกบบอบ,Ang Kab Bob,"A traditional northern Thai dish of small freshwater crabs pounded with herbs and spices, then wrapped in banana leaves and grilled. It has a smoky, savory flavor and is often eaten with sticky rice.",,https://region2.prd.go.th/th/file/get/file/202206216465c2e5fb05f5cb83f4a2b1eb81dd90090154.jpg,Meat dishes
Karaang,กะราง,Karaang,"A lesser-known Thai dish with limited information available, believed to have regional roots. Its preparation and flavors vary depending on local traditions.",,https://encrypted-tbn0.gstatic.com/images?q=tbn:ANd9GcSnFOOkmUV2VZ_g0Qxgq4B52xXWqWOjYR2YJw&s,Savoury snacks and starters
Kaeng Kradang,แกงกระด้าง,Jellied Pork Curry,"A traditional Northern Thai dish where pork is simmered with herbs and seasonings, then cooled to form a natural jelly-like consistency. It is usually enjoyed during the cool season.",North,https://medias.thansettakij.com/media/images/2019/10/18/1571379571_1.jpg?x-image-process=style/lg-webp,Curries
Kaeng Kari,แกงกะหรี่,Thai Yellow Curry,"A mild curry made with curry powder, coconut milk, and meat such as chicken or beef. It has Indian influences and features a creamy, lightly spiced flavor.",,https://media.thairath.co.th/image/qc0gZlRp1V2efmBf2K86jzQp1V2OxjicjFKD22ZCUxSKc4vyge9vA1.png,Curries
Kaeng Khanun,แกงขนุน,Jackfruit Curry,"A Northern Thai curry made with young jackfruit, pork, and aromatic herbs. It is hearty, earthy, and slightly tangy, often served with sticky rice.",North,https://i.ytimg.com/vi/UYWQvDzhmFA/maxresdefault.jpg,Curries
Kaeng Khee Lek,แกงขี้เหล็ก,Senna Leaf Curry,"A bitter-savory curry made with Senna siamea leaves, coconut milk, and pork or fish. The bitterness of the leaves is balanced by rich coconut milk and spices.",,https://img.wongnai.com/p/1920x0/2017/09/13/1cbbeb8ed6da4821a2163dcf02a2a5e3.jpg,Curries
Kaeng Khiao Wan,แกงเขียวหวาน,Green Curry,"One of Thailand’s most famous curries, made with green curry paste, coconut milk, and meat such as chicken or beef. It is aromatic, spicy, and slightly sweet from the coconut milk.",,https://recipe.sgethai.com/wp-content/uploads/2025/02/030225-chicken-green-curry-cover.webp,Curries
Kaeng Kua,แกงคั่ว,Southern-style Red Curry,"A rich and spicy curry made with red curry paste, coconut milk, and meat or seafood. It is popular in Southern Thailand and often has a stronger chili flavor.",,https://img.kapook.com/u/2016/surauch/cook1/redcurry3.jpg,Curries
Kaeng Khae,แกงแค,Northern Herbal Curry,"A traditional Northern Thai curry made with a variety of herbs, vegetables, and meat. It is light, fragrant, and deeply herbal in flavor, often served with sticky rice.",North,https://wwwgreeneryorg2b5fd.zapwp.com/q:i/r:1/wp:1/w:412/u:https://wwwgreeneryorg2b5fd.zapwp.com/q:i/r:1/wp:1/w:412/u:https://www.greenery.org/wp-content/uploads/2020/10/รสบ้าน_แกงแค-11.jpg,Curries
Kaeng Chin Chuan,แกงจีนจ๊วน,Kaeng Chin Chuan,"A traditional curry dish combining pork, herbs, and fermented fish for a rich and pungent flavor. It reflects regional Thai culinary traditions with bold, savory notes.",,https://encrypted-tbn0.gstatic.com/images?q=tbn:ANd9GcSQFJnoDxvFRTPOPkkkmfCVkkFZTKZKs6gmpA&s,Curries
Kaeng Chuet,แกงจืด,Clear Soup,"A mild and clear Thai soup made with vegetables, tofu, glass noodles, and sometimes pork or chicken. It is light, soothing, and often served as a side dish in family meals.",,https://www.unileverfoodsolutions.co.th/dam/global-ufs/mcos/grit/italy/calcmenu/recipes/IT-recipes/rollatina-di-pollo-su-insalata-di-cereali-e-salsa-honey-mustard/LINE_ALBUM_Images%20for%20website_250423_2%20(1).jpg,Soups
Kaeng Chuek Som,แกงชักส้ม,Tamarind Fish Curry,"A sour curry flavored with tamarind paste, herbs, and fish. It has a tangy and refreshing taste, balancing sourness with the savory depth of the broth.",,https://i.ytimg.com/vi/VOUWnYTGQaw/maxresdefault.jpg,Curries
Kaeng To Mae Ha,แกงตอแมะฮ,Kaeng To Mae Ha,"A traditional northern Thai curry made with pork, herbs, and local vegetables. It has a rich, earthy flavor and is usually enjoyed with steamed rice.",,https://media-cdn.tripadvisor.com/media/photo-s/18/25/b8/b1/caption.jpg,Curries
Kaeng Tumi,แกงตูมี้,Kaeng Tumi,"A lesser-known Thai curry with limited available details, believed to be prepared with local spices and herbs. Its flavor is strong and deeply regional.",,https://api2.krua.co/wp-content/uploads/2023/02/Banner_1140x507-5.jpg,Curries
Kaeng Thepho,แกงเทโพ,Pork Belly Curry with Morning Glory,"A classic Central Thai curry made with pork belly, red curry paste, coconut milk, and morning glory stems. It is rich, mildly spicy, and slightly tangy from tamarind.",Central,https://veganlokaa.com/wp-content/uploads/2023/11/tepo-curry-vegan-vegetarian-thai-recipe-1.jpg,Curries
Kaeng Noppakao,แกงนพเก้า,Kaeng Noppakao,"A traditional Thai curry named after 'Nine Gems,' said to include a variety of nine ingredients such as vegetables, herbs, and meat. It symbolizes abundance and harmony in Thai cuisine.",,https://i.ytimg.com/vi/oWF-NHtK9Qk/maxresdefault.jpg,Curries
Kaeng Nok Mo,แกงนอกหม้อ,Kaeng Nok Mo,"A traditional northern Thai curry made with mixed local vegetables and herbs, simmered without coconut milk. It is light, aromatic, and usually eaten with steamed rice.",,https://www.lemon8-app.com/seo/image?item_id=7428042282768679440&index=0&sign=24170e1b848f8fef96c3b391c69f489e,Curries
Kaeng Nang Loy,แกงนางลอย,Kaeng Nang Loy,"A traditional northern Thai curry made with pork, young jackfruit, and local herbs. It has a hearty, earthy flavor and is typically eaten with sticky rice.",,https://i.ytimg.com/vi/N66DFp75gBo/maxresdefault.jpg,Curries
Kaeng Buan,แกงบวน,Blood Curry with Vegetables,"A Central Thai curry made with pork blood, herbs, and vegetables. It has a distinctive earthy flavor and is considered a traditional rustic dish.",Central,https://www.silpa-mag.com/wp-content/uploads/2023/10/ภาพปก-แกงบวน.jpg,Curries
Kaeng Bon,แกงบอน,Taro Stem Curry,"A curry made with taro stems, meat, and curry paste. The taro stems give it a unique texture while the curry paste provides a savory and spicy flavor.",,https://i.ytimg.com/vi/R0TAFwSMLFE/maxresdefault.jpg,Curries
Kaeng Bum Bai,แกงบุ่มไบ่,Kaeng Bum Bai,A coconut milk curry featuring chicken cooked with curry paste and herbs. It has a rich and creamy flavor typical of Southern and Central Thai curries.,,https://api2.krua.co/wp-content/uploads/2020/12/RT0836_SEOImage_1200x630_SEO-scaled.jpg,Curries
Kaeng Patcharee,แกงปัจรี,Kaeng Patcharee,"A traditional southern Thai Muslim curry made with beef or goat simmered in coconut milk, turmeric, and spices. It is rich, fragrant, and often enjoyed with rice or roti.",South,https://www.bloggang.com/data/narellan/picture/1276335067.jpg,Curries
Kaeng Paa,แกงป่า,Jungle Curry,"A traditional Thai curry without coconut milk, made with a variety of wild herbs, vegetables, and meat. It is intensely spicy, aromatic, and watery in texture, reflecting its forest origins.",,https://img.wongnai.com/p/1968x0/2018/10/12/4c9d9603a08a4c1b9dbb8454101c96b0.jpg,Curries
Kaeng Poe,แกงเปอะ,Isan Fermented Fish Curry,"A Northeastern Thai curry made with fermented fish, curry paste, and seasonal vegetables. It is rustic, spicy, and full of earthy, tangy flavors typical of Isan cuisine.",Northeast,https://www.sgethai.com/wp-content/uploads/2022/01/AnyConv.com__1-2-4.webp,Curries
Kaeng Phet,แกงเผ็ด,Red Curry,"A classic Thai curry made with red curry paste, coconut milk, and meat such as chicken, pork, or beef. It is aromatic, spicy, and one of the most popular curries in Thailand.",,https://img.wongnai.com/p/1920x0/2019/03/10/e0a3e498f16241a78de86679ed49be3f.jpg,Curries
Kaeng Matsaman,แกงมัสมั่น,Massaman Curry,"A Southern Thai curry with Persian and Indian influences, made with massaman curry paste, coconut milk, potatoes, peanuts, and slow-cooked meat such as beef or chicken. It is rich, mildly spicy, and slightly sweet.",South,https://recipe.sgethai.com/wp-content/uploads/2025/05/280525-chicken-mussaman-curry-01.webp,Curries
Kaeng Ron,แกงร้อน,Kaeng Ron,"A traditional Thai soup-like curry, sometimes compared to a mixed vegetable or clear curry. It is served hot with a combination of herbs, vegetables, and meat in a light broth.",,https://i.ytimg.com/vi/eo4v8o1SjT4/maxresdefault.jpg,Curries
Kaeng Rawaeng,แกงระแวง,Kaeng Rawaeng,"A Central Thai curry with Malay influences, made with yellow curry paste, coconut milk, and beef or chicken. It has a deep golden color, aromatic spices, and a slightly sweet flavor.",Central,https://s359.kapook.com/pagebuilder/635b9f39-21ea-43f6-8657-bc4326760926.jpg,Curries
Kaeng Runjuan,แกงรัญจวน,Kaeng Runjuan,"A traditional Central Thai curry made with leftover grilled pork, shrimp paste, herbs, and tamarind. It is known for its sour, salty, and slightly smoky flavor.",Central,https://upload.wikimedia.org/wikipedia/commons/4/45/Rongros_-_แกงรัญจวน.jpg,Curries
Kaeng Liang,แกงเลียง,Spicy Herbal Vegetable Soup,"A light and spicy Thai soup made with shrimp, herbs, and mixed vegetables such as pumpkin, baby corn, and squash blossoms. It is aromatic and nutritious, often eaten with rice.",,https://img.wongnai.com/p/1920x0/2019/02/11/ccc724ce2a384de8bc34f13c7020c0ce.jpg,Soups
Kaeng Somrom,แกงสมรม,Kaeng Somrom,"A lesser-known Thai curry dish with limited records, believed to feature a mix of vegetables and meat in a curry paste broth. The name suggests a 'mixed' or 'varied' curry.",,https://i.ytimg.com/vi/7TY8CayKiX0/maxresdefault.jpg,Curries
Kaeng Som,แกงส้ม,Sour Curry,"A popular Thai sour curry made with tamarind-based curry paste, fish, and vegetables such as green papaya or morning glory. It has a tangy, spicy, and refreshing flavor.",,https://img.wongnai.com/p/1920x0/2018/12/17/bf69cc77dfb94a5ab6df20ffb0622cd2.jpg,Curries
Kaeng Salae,แกงสะแล,Kaeng Salae,"A regional Thai curry prepared with wild herbs, vegetables, and meat. It is rustic and herbal in flavor, reflecting local cooking traditions.",,https://encrypted-tbn0.gstatic.com/images?q=tbn:ANd9GcQ3kJBfjwhCK2efupyIY_NLkcau9Z7OsNOr1A&s,Curries
Kaeng Sap Nok,แกงสับนก,Kaeng Sap Nok,"A traditional northern Thai curry made with minced bird meat, chili, and local herbs. It is spicy, aromatic, and usually eaten with sticky rice.",North,https://img.kapook.com/u/2017/wanwanat/84_thai_curry/c1.jpg,Curries
Kaeng Singhon,แกงสิงหล,Kaeng Singhon,"A traditional southern Thai curry influenced by Sri Lankan flavors, made with beef, coconut milk, and spices. It is rich, spicy, and usually eaten with rice or roti.",South,https://www.lemon8-app.com/seo/image?item_id=7177342557716791809&index=0&sign=40372ad70e02c4911fb15645520659c8,Curries
Kaeng Hong,แกงหอง,Kaeng Hong,"A traditional northern Thai curry made with young jackfruit, chili paste, and herbs. It has a mild, earthy flavor and is often eaten with sticky rice.",North,https://encrypted-tbn0.gstatic.com/images?q=tbn:ANd9GcTCezgL-KYvfLaNOrDg_T-D_WK5sDxBebUaGA&s,Curries
Kaeng Ngao Ngod,แกงเหงาหงอด,Kaeng Ngao Ngod,"A Northern Thai curry with scarce documentation, thought to be made with pork or beef stewed in herbs and spices unique to the region.",North,https://thaidessert320.wordpress.com/wp-content/uploads/2016/09/700463_1_1464691549.jpg?w=640,Curries
Kaeng Lueang,แกงเหลือง,Southern Yellow Curry,"A spicy and sour Southern Thai curry made with yellow curry paste, turmeric, tamarind, and fish with vegetables such as bamboo shoots or green papaya.",South,https://www.sgethai.com/wp-content/uploads/2022/09/8-21.jpg,Curries
Kaeng Hang Le,แกงฮังเล,Kaeng Hang Le,"A Burmese-influenced Northern Thai curry made with pork belly, ginger, garlic, and Hang Lay curry paste. It is rich, slightly sour, and aromatic.",North,https://recipe.sgethai.com/wp-content/uploads/2025/06/060225-hunglay-curry-cover.webp,Curries
Kaeng Ho,แกงโฮะ,Kaeng Ho,"A Northern Thai curry-stir-fry made from mixed leftover curries stir-fried with glass noodles, pickled bamboo shoots, kaffir lime leaves, and herbs. It is spicy, tangy, and aromatic.",North,https://upload.wikimedia.org/wikipedia/commons/thumb/1/14/Kaeng_ho.jpg/1200px-Kaeng_ho.jpg,Curries
Kai Hor Bai Toey,ไก่ห่อใบเตย,Kai Hor Bai Toey,A Thai dish of marinated chicken wrapped in pandan leaves and deep-fried. The pandan adds a fragrant aroma while keeping the chicken juicy.,Central,https://i.ytimg.com/vi/KJvJNJvDojo/maxresdefault.jpg,Meat dishes
Kha Kai Super,ขาไก่ซุปเปอร์,Super Chicken Feet Soup,"A spicy and tangy Thai soup made with chicken feet simmered in chili, lime juice, and herbs until tender. Known for its bold flavors.",Central,https://i.ytimg.com/vi/GiPAFqDZuto/maxresdefault.jpg,Soups
Kai Jeow,ไข่เจียว,Kai Jeow,"A fluffy Thai omelet made with eggs, fish sauce, and oil, fried until golden and crispy on the edges. Often served over rice.",Central,https://recipe.sgethai.com/wp-content/uploads/2025/04/160425-Thai-Pork-Omelet-cover.webp,Egg dishes
Kai Dao,ไข่ดาว,Kai Dao,"A Thai-style fried egg with crispy edges and a runny yolk, often served as a topping for stir-fried dishes and curries.",Central,https://s359.kapook.com/pagebuilder/3b3f6172-696f-49a4-a7cd-cb69b86838f9.jpg,Egg dishes
Kai Nam,ไข่น้ำ,Kai Nam,"A light Thai egg soup made with beaten eggs simmered in clear broth with vegetables and sometimes minced pork. Simple, mild, and comforting.",Central,https://i.ytimg.com/vi/Oxw_fEowjZ0/maxresdefault.jpg,Soups
Kai Yat Sai,ไข่ยัดไส้,Kai Yat Sai,"A Thai stuffed omelet filled with minced pork, onions, tomatoes, peas, and carrots, seasoned with soy sauce and garlic. It is savory and hearty.",Central,https://img.wongnai.com/p/1920x0/2021/08/27/9cf3223b0c8b440b98027926edb2de5e.jpg,Egg dishes
Kai Raberd,ไข่ระเบิด,Kai Raberd,"A rustic Thai dish meaning 'exploded eggs,' made by deep-frying whole eggs until the skin blisters, then serving with spicy sauce or curry paste.",Central,https://images.aws.nestle.recipes/original/c6ef16a68ec869c4297382f7084ed77c_ข้าวไข่ระเบิด.jpg,Egg dishes
Kai Look Kheuy,ไข่ลูกเขย,Kai Look Kheuy,"A Thai dish of boiled eggs deep-fried until golden, then topped with tamarind sauce, fried shallots, and dried chilies. It is sweet, sour, and savory.",Central,https://i.ytimg.com/vi/NcxzhITLuYI/maxresdefault.jpg,Egg dishes
Kua Kling,คั่วกลิ้ง,Kua Kling,"A dry Southern Thai curry made with ground pork or beef stir-fried with spicy curry paste, kaffir lime leaves, and herbs. Intensely hot and aromatic.",South,https://api2.krua.co/wp-content/uploads/2019/11/ImageBannerMobile_960x633_New_-01.jpg,Curries
Ngob,งบ,Ngob,"A traditional Central Thai dish of fish or seafood mixed with curry paste, wrapped in banana leaves, and grilled until smoky and fragrant.",Central,https://encrypted-tbn0.gstatic.com/images?q=tbn:ANd9GcTrnwTtMbqcu7sQyWGTObOiRs0qpw_M3aP6Lg&s,Seafood dishes
Cho Phak Kat,จอผักกาด,Cho Phak Kat,"A Northern Thai soup made with pickled mustard greens simmered with pork ribs, tomatoes, and herbs. It is savory, tangy, and comforting.",North,https://encrypted-tbn0.gstatic.com/images?q=tbn:ANd9GcRYbPziUuHW9npnTy5tsVseb4crZjEoQ3tbQg&s,Soups
Cho Hraeng,จอแหร้ง,Cho Hraeng,"A rare Northern Thai dish, believed to be a variation of mustard green soup cooked with less broth, resulting in a more concentrated flavor.",North,https://api2.krua.co/wp-content/uploads/2022/01/Banner_1140x507-17.jpg,Soups
Jub Chai,จับฉ่าย,Jub Chai,"A Thai-Chinese vegetable stew made from assorted vegetables simmered with soy sauce, garlic, and pork or chicken. It is mild, savory, and nourishing.",Central,https://img.wongnai.com/p/1920x0/2020/02/27/1de9819699bd4629a809d02a94c1de1c.jpg,Vegetable dishes
Chu Chi,ฉู่ฉี่,Chu Chi Curry,"A rich Thai curry dish made with red curry paste, coconut milk, and fish or seafood. It is thick, aromatic, and slightly sweet with a spicy kick.",Central,https://www.ajinomoto.co.th/storage/photos/shares/Recipe/Menu/Lot5-15/61fa995f1a019.jpg,Curries
Sup Khreung Nai,ซุปเครื่องใน,Sup Khreung Nai,"A Thai-style offal soup made with pork or beef organs simmered with lemongrass, kaffir lime leaves, and chili, resulting in a hearty and spicy broth.",Northeast,https://yalamarketplace.com/upload/1670052780224.jpg,Soups
Sup Singapore,ซุปสิงคโปร์,Sup Singapore,"A Thai-Muslim beef soup inspired by Malay and Singaporean cuisine, slow-cooked with spices such as star anise, cinnamon, and coriander.",South,https://thaifootprint.com/wp-content/uploads/2017/08/P1450209-1024x684.jpg,Soups
San Mo,แซนโม,"A traditional northern Thai noodle dish served with a light broth, fresh herbs, and local vegetables. It has a simple, savory flavor and is often eaten as a rustic village-style meal.",,North,https://www.google.com/url?sa=i&url=https%3A%2F%2Fboard.postjung.com%2F1629079&psig=AOvVaw1BOyAEQr3ANnPzMc0oWFRO&ust=1756972402790000&source=images&cd=vfe&opi=89978449&ved=0CBUQjRxqFwoTCLjVtbOOvI8DFQAAAAAdAAAAABAJ,Noodle dishes
Tom Kati,ต้มกะทิ,Tom Kati,"A mild Thai soup made with coconut milk, meat, mushrooms, and fresh herbs. It is creamy, lightly savory, and less spicy than other soups.",Central,https://images.aws.nestle.recipes/original/a06747fed6c119c2802bfbf1fa594317_ใบเหลียงต้มกะทิ.png,Soups
Tom Kha Kai,ต้มข่าไก่,Tom Kha Kai,"A famous Thai soup of chicken simmered in coconut milk with galangal, lemongrass, kaffir lime leaves, and chili. It is creamy, aromatic, and slightly sour.",Central,https://s359.kapook.com/pagebuilder/f103aacb-cbd7-4e82-9e73-c134b2551aef.jpg,Soups
Tom Khreung Nai Moo,ต้มเครื่องในหมู,Tom Khreung Nai Moo,"A traditional Thai soup made with pork offal simmered in a clear broth with lemongrass, galangal, kaffir lime leaves, and chili. It is savory and aromatic.",Central,https://encrypted-tbn0.gstatic.com/images?q=tbn:ANd9GcROEE4wFI27KV0qHst6UQ2y6MY6BiX1WxGQvA&s,Soups
Tom Kloang,ต้มโคล้ง,Tom Kloang,"A traditional Thai soup made with smoked or dried fish, lemongrass, galangal, and roasted chilies. It has a smoky, spicy, and tangy flavor.",Central,https://recipe.sgethai.com/wp-content/uploads/2025/06/cover-19062025-tom-klong-pla-chon-yang.webp,Soups
Tom Jiw,ต้มจิ๋ว,Tom Jiw,"A sour and spicy Thai soup flavored with lime, garlic, and chili, usually made with beef or pork. It is tangy, hot, and aromatic.",Central,https://img.wongnai.com/p/1920x0/2018/12/01/3d132b95b0ec4a489458afd380492b33.jpg,Soups
Tom Saep,ต้มแซ่บ,Tom Saep,"A Northeastern Thai (Isan) spicy and sour soup made with pork ribs or beef, lemongrass, kaffir lime leaves, and fresh chilies. It is bold and fiery.",Northeast,https://i.ytimg.com/vi/H0LQX5IPfkU/maxresdefault.jpg,Soups
Tom Pret,ต้มเปรต,Tom Pret,"A strong, spicy, anf fragrant curry similar to Tom Yum, but heavy emphasis on eels. Heavy use of herbs like lemongrass and kaffir lime to eliminate the fishy flavor and smell of the eel.",,https://encrypted-tbn0.gstatic.com/images?q=tbn:ANd9GcQVWmf3GBsVn1Jd_2sIwCw5kSuDm9cFj0HNdQ&s,Soups
Tom Yam,ต้มยำ,Tom Yam,"Thailand’s world-famous hot and sour soup, made with shrimp or other proteins, lemongrass, galangal, kaffir lime leaves, and chilies. It is spicy, tangy, and fragrant.",Central,https://assets.unileversolutions.com/recipes-v2/242154.png,Soups
Tom Som,ต้มส้ม,Tom Som,"A traditional Thai sour soup made with fish, tamarind juice, shallots, and herbs. It is tangy, light, and mildly sweet.",Central,https://www.easycookingmenu.com/media/k2/items/cache/39ab3435cacf1a08e9825cb605dc66ac_XL.jpg,Soups
Tupa Sutong,ตูปะซูตง,Tupa Sutong,"Tupa Sutong is a southern Thai Muslim dish of squid stuffed with sticky rice and simmered in sweet coconut milk. It has a half-sweet, half-savory flavor and is enjoyed as a dessert or snack.",South,https://static5-th.orstatic.com/userphoto/Article/0/32/000LSJ46CD920FE9E74374j.jpg,Seafood dishes
Tai Pla,ไตปลา,Tai Pla Curry,"A traditional Southern Thai curry made with fermented fish entrails, curry paste, bamboo shoots, eggplant, and other vegetables. It is intensely salty, spicy, and rich in flavor.",South,https://api2.krua.co/wp-content/uploads/2022/04/SEO-1200x630-8.jpg,Curries
Tod Mun,ทอดมัน,Thai Fish Cakes,"A popular Thai dish made from fish paste mixed with red curry paste, long beans, and kaffir lime leaves, then deep-fried until golden. Served with cucumber relish.",Central,https://upload.wikimedia.org/wikipedia/commons/thumb/e/ec/Thanin_market_tod_man_pla.jpg/1200px-Thanin_market_tod_man_pla.jpg,Seafood dishes
Nam Ngiao,น้ำเงี้ยว,Nam Ngiao,"A Northern Thai noodle soup made with rice noodles, pork, tomatoes, blood tofu, and fermented soybean paste, flavored with dried red cotton flowers.",North,https://img.wongnai.com/p/1920x0/2018/11/04/3ceccd73b8574f6da21e37203f62e714.jpg,Noodle dishes
Nua Nang Phao,เนื้อนางเพา,Nua Nang Phao,Nang Pao is a Thai dish of grilled or fried beef topped with a thick curry-like sauce and salted egg yolk. It reflects Persian influences and is often served as an appetizer.,,https://cheewajit.com/app/uploads/2017/03/เนื้อนางเพา-เว็บ-1.jpg,Meat dishes
Bo Toa,บอเตาะ,Bo Toa,"Bo Toa is a southern Thai dish made with fish mixed with coconut milk and herbs. It has a fragrant, creamy flavor that balances richness with the natural taste of fish.",,https://i.ytimg.com/vi/WLd91rkb52g/sddefault.jpg,Seafood dishes
Pla Kok,ปลาคก,Pla Kok,"Pla Kok is a Chonburi dish of salted sea carp simmered with pickled mustard greens, lemongrass, garlic, chilies, and duck sauce until tender. It is usually enjoyed with rice porridge or steamed rice..",,https://mpics.mgronline.com/pics/Images/559000006709805.JPEG,Seafood dishes
Poo Ja,ปูจ๋า,Poo Ja,"A dish of crab shells stuffed with a mixture of crab meat, pork, garlic, and spices, then deep-fried until golden. Often served with plum sauce.",Central,https://img.wongnai.com/p/1920x0/2019/11/24/bd1163a04fc4434daac5e4647a9649c7.jpg,Seafood dishes
Phat Kaphrao,ผัดกะเพรา,Phat Kaphrao,"One of Thailand’s most famous stir-fry dishes, made with holy basil, garlic, chili, and meat such as pork, chicken, or seafood. Served with rice and often topped with a fried egg.",Central,https://image.bangkokbiznews.com/uploads/images/contents/w1024/2023/12/aPKMrAYVSnY91hQfZpF9.webp?x-image-process=style/lg-webp,Meat dishes
Phat Khing,ผัดขิง,Phat Khing,"A Thai stir-fried dish with sliced ginger, garlic, meat such as chicken or pork, and vegetables. It is aromatic, slightly spicy, and savory.",Central,https://recipe.sgethai.com/wp-content/uploads/2025/05/cover-chicken-stir-fry-with-ginger_result.webp,Meat dishes
Phat Cha,ผัดฉ่า,Phat Cha,"A spicy Thai stir-fry made with chili paste, garlic, green peppercorns, kaffir lime leaves, and meat or seafood. It is intensely spicy and aromatic.",Central,https://img.kapook.com/u/surauch/cook1/ThaiFood.jpg,Meat dishes
Phat Priao Wan,ผัดเปรี้ยวหวาน,Sweet and Sour Stir-Fry,"A Thai stir-fried dish with a sweet and sour sauce, meat such as pork or chicken, pineapple, tomato, cucumber, and onion.",Central,https://i.ytimg.com/vi/ZkelPykzF3M/maxresdefault.jpg,Meat dishes
Phat Phong Kari,ผัดผงกะหรี่,Phat Phong Kari,"A Thai stir-fried curry dish with curry powder, egg, onion, celery, and meat or seafood, most famously crab. It is rich, savory, and mildly spicy.",Central,https://img.wongnai.com/p/1920x0/2018/07/12/5342a685462c482ba182732eca9d0ceb.jpg,Meat dishes
Phat Phak Bung,ผัดผักบุ้ง,Stir-Fried Morning Glory,"A popular Thai vegetable dish of water spinach stir-fried with garlic, chili, and soy sauce. It is quick, savory, and slightly spicy.",Central,https://img.wongnai.com/p/1920x0/2017/11/12/ebe87d4b6369468ca42a2649781c2414.jpg,Vegetable dishes
Phat Prik Khing,ผัดพริกขิง,Phat Prik Khing,"A dry Thai curry stir-fry made with red curry paste, long beans, kaffir lime leaves, and meat such as pork or chicken. It is spicy, aromatic, and flavorful.",Central,https://img.wongnai.com/p/1920x0/2019/03/07/35f5c5e2274e45a8aa55c3bb54c3fd95.jpg,Curries
Phat Sam Muen,ผัดสามเหม็น,Phat Sam Muen,"A stir-fried Thai dish known as 'three stinky stir-fry,' made with cha-om leaves, sataw beans, and stink beans. It is pungent, savory, and full of herbal flavors.",South,https://i.ytimg.com/vi/4SC89SKcVS4/maxresdefault.jpg,Vegetable dishes
Pla,พล่า,Pla,"A spicy Thai salad made with lightly cooked or raw meat or seafood mixed with herbs, lime juice, chili, and fish sauce. It is tangy, spicy, and aromatic.",Central,https://img.wongnai.com/p/1920x0/2024/05/25/ac2a8fd06c2d445993a37b3ac2938926.jpg,Salads
Panaeng,พะแนง,Panang Curry,"A rich and creamy Thai curry made with Panang curry paste, coconut milk, kaffir lime leaves, and meat, usually beef or chicken. It is mildly spicy and slightly sweet.",Central,https://www.ajinomoto.co.th/storage/photos/shares/Recipe/Menu/Lot5-13/61fa990403122.jpg,Curries
Pa Lo,พะโล้,Pa Lo,"A Chinese-influenced Thai stew made with pork belly, tofu, and hard-boiled eggs simmered in soy sauce with five-spice powder, garlic, and cinnamon.",Central,https://img.wongnai.com/p/1920x0/2023/08/21/3400c7f751a546da98f2a5bb88e6aa4b.jpg,Meat dishes
Yam Kai Yang Tao,ยำไก่อย่างเต่า,Yam Kai Yang Tao,"Yam Kai Yang Tao is a unique Thai salad made with grilled chicken tossed in chili, lime, fish sauce, and herbs. It combines smoky, spicy, and tangy flavors, and is often enjoyed as a local specialty dish.",,https://www.sentangsedtee.com/wp-content/uploads/2018/04/30125663_1796624447024640_736202972_o-1024x768.jpg,Salads
Yam Kai Dao,ยำไข่ดาว,Yam Kai Dao,"A Thai salad made with crispy fried eggs topped with onions, chili, lime juice, and fish sauce. It is spicy, sour, and savory.",Central,https://img.wongnai.com/p/1920x0/2024/09/05/39a94ef800dc428abe6ab61895a82ebc.jpg,Salads
Yam Sanat,ยำสะนัด,Yam Sanat,"Yam Sanat is a traditional southern Thai salad made with fresh herbs, chili, lime, and fish sauce. It has a spicy, tangy flavor and is enjoyed as a local specialty.",South,https://upload.wikimedia.org/wikipedia/commons/thumb/4/43/Yam_sanat.jpg/1200px-Yam_sanat.jpg,Salads
La We Kadam,ละแวกะดาม,La We Kadam,"Lae Wa Kadam is a southern Thai Muslim curry made with fish, coconut milk, and local herbs. It is rich, aromatic, and often enjoyed with steamed rice.",South,https://blogger.googleusercontent.com/img/b/R29vZ2xl/AVvXsEhfmStOxnlnyhzXdd_PHcGc0IVTGem0MEsJE5VHjiQdHw2YBArLpBn0DPobjpdClJZr3K2IeyW3_ajgIUfOutLwCcJ9u5zNZzMSAX-mNc3JKk7ECWcQMp7reLRz4yj5jEIdurafQXeQNrI/s1600/1_original.jpg,Meat dishes
Leng Saep,เล้งแซ่บ,Leng Saep,"A spicy Thai soup made with pork spine simmered with lemongrass, lime, chili, and herbs, producing a tangy and fiery broth.",Central,https://s359.kapook.com/pagebuilder/9f623b98-a170-4451-9e9a-73fab21d88a1.jpg,Soups
Sap Yaek,สัพแหยก,Sap Yaek,"A Northeastern Thai dish resembling larb, made with minced meat, chili, lime, and roasted rice powder. It is spicy, sour, and aromatic.",Northeast,https://api2.krua.co/wp-content/uploads/2020/07/RT1507_ImageBanner_1140x507.jpg,Salads
Mok,หมก,Mok,"A Northern and Northeastern Thai dish similar to 'aeb,' made of minced fish, chicken, or mushrooms mixed with curry paste, wrapped in banana leaves, and steamed.",North,https://img.wongnai.com/p/1920x0/2018/01/26/85b667d3414240aba306b73271f726dd.jpg,Meat dishes
Lon,หลน,Lon,"A Central Thai dish of minced pork or shrimp simmered in coconut milk with fermented soybeans or shrimp paste, eaten with fresh vegetables.",Central,https://img.wongnai.com/p/1920x0/2018/12/02/5a7dc11f548b4aeca1b29641b6434441.jpg,Meat dishes
Moo Cha Muang,หมูชะมวง,Moo Cha Muang,"A traditional dish from Chanthaburi made with pork stewed in Garcinia cowa leaves, giving it a distinctive sour and savory flavor.",East,https://www.calforlife.com/image/food/Chamuang-Pork.jpg,Meat dishes
Moo Wan,หมูหวาน,Moo Wan,"A sweet Thai pork dish where pork is simmered with palm sugar, soy sauce, and garlic until tender and caramelized.",Central,https://i.ytimg.com/vi/zot9ObmKhBw/sddefault.jpg,Meat dishes
Moo Hong,หมูฮ้อง,Moo Hong,"A Southern Thai stewed pork belly dish influenced by Hokkien cuisine, slow-cooked with soy sauce, garlic, and spices until tender.",South,https://cdn-cms.cpbrandsite.com/web/recipe/1906489f710d28abfefda701e_20240703_224616.jpg,Meat dishes
Om,อ่อม,Om,"A traditional Northeastern Thai (Isan) herbal stew made with meat, dill, lemongrass, and assorted vegetables. It is fragrant, savory, and slightly bitter.",Northeast,https://encrypted-tbn0.gstatic.com/images?q=tbn:ANd9GcTsVWx5Zp3bAFLn4IaK05eP-IkW6ggMgorjJQ&s,Meat dishes
Oo,อู๋,Oo,"A traditional Thai-Chinese steamed dish made with crab or pork mixed with egg and soy sauce. It is savory, silky, and often enjoyed with rice.",,https://i.ytimg.com/vi/9MDXPH-bJH8/hq720.jpg?sqp=-oaymwEhCK4FEIIDSFryq4qpAxMIARUAAAAAGAElAADIQj0AgKJD&rs=AOn4CLAVm6HchfJdWRT3V36gS69UdPwd7Q,Meat dishes
Aeb,แอ็บ,Aeb,"A Northern Thai dish of minced pork, fish, or mushrooms mixed with curry paste, wrapped in banana leaves, and grilled until smoky and aromatic.",North,https://i.ytimg.com/vi/LiTCVlH7_U0/maxresdefault.jpg,Meat dishes
Gruay Thip,กรวยทิพย์,Gruay Thip,"A traditional Thai royal dessert shaped like a small cone. Made from flour, coconut milk, and sugar, it is delicate, mildly sweet, and often served at ceremonial occasions",,https://www.pholfoodmafia.com/wp-content/uploads/2018/06/1000x6503Savory-Cones.jpg,Savoury snacks and starters
Krob Kem,กรอบเค็ม,Krob Kem,"A crispy Thai snack made from rice flour seasoned with fish sauce and herbs, fried until golden and crunchy with a savory taste.",Central,https://dessertsmate.com/wp-content/uploads/2024/05/217-ขนมกรอบเค็ม-แป้งกรอบเคี้ยวเพลิน.jpg,Savoury snacks and starters
Kratong Thong,กระทงทอง,Golden Cups,"A royal Thai appetizer made from crispy golden pastry cups filled with minced meat, corn, peas, and vegetables, seasoned with garlic and pepper.",Central,https://i.ytimg.com/vi/D5MqwKo_IEc/maxresdefault.jpg,Savoury snacks and starters
Krabong,กระบอง,Krabong,"A traditional Thai snack of battered and deep-fried pumpkin or vegetables, served crispy with sweet chili sauce.",Central,https://img.wongnai.com/p/1920x0/2018/10/21/c538e2b9019a4a2d943d875b3b2f19be.jpg,Savoury snacks and starters
Kuay Teow Lord,ก๋วยเตี๋ยวหลอด,Kuay Teow Lord,"Steamed rice noodle rolls filled with mushrooms, tofu, or pork, drizzled with soy sauce and garnished with fried garlic and coriander.",Central,https://i.ytimg.com/vi/l0nmNJUeIDs/maxresdefault.jpg,Noodle dishes
Kari Puff,กะหรี่ปั๊บ,Curry Puff,"A flaky pastry filled with curried potatoes, onions, and sometimes chicken. Crispy outside and savory inside, popular as a Thai street snack.",Central,https://api2.krua.co/wp-content/uploads/2024/09/ArticlePic_1920x1280px_Artboard-1-01-4-1024x683.jpg,Savoury snacks and starters
Karawek Sod Si,การเวกสอดสี,Karawek Sod Si,"A traditional Thai royal dish of egg roulade stuffed with Chinese sausage, pork, and vegetables. It is savory, colorful, and often served as part of ceremonial or royal cuisine.",,https://www.pholfoodmafia.com/wp-content/uploads/2021/07/6Chinese-Sausage-and-Egg-Roulade.jpg,Savoury snacks and starters
Kung Ten,กุ้งเต้น,Dancing Shrimp Salad,"A Northern Thai delicacy of live baby shrimp mixed with lime juice, chili, shallots, and herbs, causing the shrimp to 'dance.' It is spicy, sour, and fresh.",North,https://i.ytimg.com/vi/zRaBwl5IvaI/maxresdefault.jpg,Seafood dishes
Ko Kae,โก๋แก่,Ko Kae Peanuts,"A famous Thai snack brand known for crunchy peanuts coated in a coconut cream shell, seasoned in sweet, salty, or spicy flavors.",Central,"https://st.bigc-cs.com/cdn-cgi/image/format=webp,quality=90/public/media/catalog/product/94/88/8852023664194/8852023664194_1-20250623154637-.jpg",Savoury snacks and starters
Kai Sam Yang,ไก่สามอย่าง,Kai Sam Yang,"A traditional Thai snack platter of assorted toppings such as peanuts, dried shrimp, lime, shallots, and chilies. Served with sweet palm sugar sauce, it is eaten wrapped in leaves or with rice.",,https://img.wongnai.com/p/1920x0/2020/01/27/bf7d3662281f44c2a9f5dd7b8c2848e2.jpg,Meat dishes
Kanom Kui Chai,ขนมกุยช่าย,Chive Dumplings,"A Thai-Chinese snack made of rice flour dough filled with chopped chives, steamed, and served with soy and chili sauce.",Central,https://img.pptvhd36.com/health/thumbor/2024/10/22/cusArticle-962cf5b.jpg,Savoury snacks and starters
Kanom Kheng,ขนมเข่ง,Kanom Kheng,"A traditional Chinese-Thai dessert made from glutinous rice flour, sugar, and water, steamed in small cups. It is chewy, sticky, and commonly prepared during Chinese New Year.",Central,https://www.sgethai.com/wp-content/uploads/2022/04/Image01_11.webp,Desserts
Kanom Jeeb,ขนมจีบ,Steamed Dumplings,"Thai-style dim sum dumplings filled with minced pork, shrimp, and garlic, wrapped in wonton skins and steamed. Often served with soy or chili sauce.",Central,https://salapaoshanghai.com/wp-content/uploads/2020/12/10564_๒๑๐๕๑๐_0.jpg,Meat dishes
Kanom Tokyo,ขนมโตเกียว,Kanom Tokyo,"A popular Thai street dessert of thin pancakes filled with sweet custard, cream, or savory fillings like sausage and quail eggs.",Central,https://www.pholfoodmafia.com/wp-content/uploads/2019/07/4Mini-Pancake-Rolls-with-Salted-Egg-Yolk-Coconut-Custard-big.jpg,Desserts
Kanom Pang Ka Kai,ขนมปังขาไก่,Breadstick Cookies,"Crispy breadstick-like cookies made from flour, sugar, and butter. Light and crunchy, they are a common Thai bakery snack.",Central,https://i.ytimg.com/vi/T2jl7_0Qfok/maxresdefault.jpg,Sweet snacks
Kanom Pang Na Moo,ขนมปังหน้าหมู,Thai Pork Toast,"A Thai appetizer of bread squares topped with minced pork mixed with garlic and pepper, then deep-fried until crispy. Served with cucumber relish.",Central,https://www.pim.in.th/images/all-thai-dessert/no-fried-bread-with-minced-pork-spread/no-fried-bread-with-minced-pork-spread-22.jpg,Savoury snacks and starters
Kanom Pak Kad,ขนมผักกาด,Radish Cake,"A Thai-Chinese savory snack made from shredded radish and rice flour, steamed into cakes and later pan-fried with soy sauce and bean sprouts.",Central,https://takestwoeggs.com/wp-content/uploads/2023/01/Chinese-Turnip-Cake-Recipe-Lo-Bak-Go-Takestwoeggs-Final-Photography-sq.jpg,Savoury snacks and starters
Kanom Puang Pratad,ขนมพวงประทัด,Kanom Puang Pratad,"A Thai snack created in the reign of King Rama V. It is made from roti dough stuffed with stir-fried carrots, cabbage, and mushrooms, then fried until crisp and eaten with a sweet and spicy dipping sauce.",,https://encrypted-tbn0.gstatic.com/images?q=tbn:ANd9GcQqxNFnmiHb0KWGrrYtv0ng060AOypDwRBuOWM4ZOptz4vNKgCQX181Av5SjPfJRjs7T1I&usqp=CAU,Savoury snacks and starters
Khao Kriap Kung,ข้าวเกรียบกุ้ง,Shrimp Crackers,"A popular Thai snack made from ground shrimp mixed with tapioca flour and seasonings, then sun-dried and deep-fried until puffy and crispy.",Central,https://api2.krua.co/wp-content/uploads/2022/04/ArticlePic_9-1024x671.jpg,Savoury snacks and starters
Khao Kriap Pak Mo,ข้าวเกรียบปากหม้อ,Steamed Rice Dumplings,"A traditional Thai snack of thin steamed rice flour sheets filled with minced pork, garlic, and herbs, served with fried garlic and sweet chili sauce.",Central,https://i.ytimg.com/vi/BvK0qVG_wT8/maxresdefault.jpg,Savoury snacks and starters
Khao Kriap Ya Na,ข้าวเกรียบยาหน้า,Stuffed Rice Crackers,"Rice crackers topped with a savory mixture of minced meat, peanuts, and herbs, offering a crunchy texture with rich flavors.",Central,https://trat.prd.go.th/th/file/get/file/20230201ef24debb1fd50591e7524dd66e7596df141423.png,Savoury snacks and starters
Khao Tom Bai Kapho,ข้าวต้มใบกะพ้อ,Khao Tom Bai Kapho,"A traditional Thai dessert of sticky rice mixed with banana and coconut milk, wrapped in palm leaves and steamed until fragrant.",South,https://www.khaosod.co.th/technologychaoban/wp-content/uploads/2018/08/po15.jpg,Desserts
Khao Tom Mat,ข้าวต้มมัด,Khao Tom Mat,"A dessert made from sticky rice, banana, and coconut milk, wrapped in banana leaves and tied into small bundles before steaming. Often eaten during festivals.",Central,https://img.wongnai.com/p/1920x0/2024/02/27/6f75ca5a42f5453b8aa1a727aec86b20.jpg,Desserts
Khao Tang Na Tang,ข้าวตังหน้าตั้ง,Khao Tang Na Tang,"A traditional Thai appetizer of crispy rice crackers topped with a savory dip made from minced pork, shrimp, coconut milk, and peanuts.",Central,https://img.wongnai.com/p/1920x0/2020/01/13/f79cdb63079e418cb2b8eed3c088dc69.jpg,Savoury snacks and starters
Khao Pan,ข้าวพัน,Khao Pan,"A Northern Thai dish of steamed rice sheets wrapped around vegetables and sometimes minced pork, served with a dipping sauce.",North,https://i.ytimg.com/vi/uK8sw4qYQ5o/maxresdefault.jpg,Rice dishes
Khao Ho Tod,ข้าวห่อทอด,Khao Ho Tod,"A fried Thai snack made of rice wrapped with meat or vegetable filling, then deep-fried until crispy and golden.",,https://www.bloggang.com/data/shinnemonman/picture/1438241403.jpg,Savoury snacks and starters
Khao Niao Ping,ข้าวเหนียวปิ้ง,Khao Niao Ping,"Grilled sticky rice parcels filled with sweetened banana or taro, wrapped in banana leaves and roasted until fragrant.",Central,https://rin.co.th/wp-content/uploads/2025/06/toasted-sticky-rice-3.jpg,Rice dishes
Kai Kwam,ไข่คว่ำ,Kai Kwam,"An old-style Thai egg dish where seasoned eggs are steamed or baked with herbs and spices, creating a firm and savory custard-like texture.",Central,https://i.ytimg.com/vi/9WjLoIg4owk/maxresdefault.jpg,Egg dishes
Khrong Khrang Krop,ครองแครงกรอบ,Khrong Khrang Krop,"A traditional Thai crispy snack made from rice flour dough shaped into small shells, deep-fried, and coated with sugar syrup and sesame seeds.",Central,https://api2.krua.co/wp-content/uploads/2020/06/SlideBanner_RK0047_1140x507.jpg,Desserts
Khang Khao Pueak,ค้างคาวเผือก,Khang Khao Pueak,"A savory Thai appetizer made from mashed taro mixed with flour and seasonings, shaped like small bats, and deep-fried until golden and crispy.",Central,https://img.wongnai.com/p/1920x0/2020/03/24/b0eaaeb6369c4f3a8fbdc1771fbc90cb.jpg,Savoury snacks and starters
Kaep Moo,แคบหมู,Kaep Moo,"Crispy pork rinds made from fried pork skin, seasoned with salt and spices. A Northern Thai specialty often eaten with chili dip (nam prik noom).",North,https://www.sgethai.com/wp-content/uploads/2022/12/221207-Content-วิธีทำ-แคบหมู03.webp,Meat dishes
Cho Muang,ช่อม่วง,Cho Muang,"A royal Thai appetizer of flower-shaped dumplings filled with minced chicken or pork and herbs, tinted purple with butterfly pea flower extract.",Central,https://recipe.sgethai.com/wp-content/uploads/2025/05/cover-21052025-thai-steamed-flower-shaped-dumplings_result.webp,Savoury snacks and starters
Chun Pia,ชุนเปี๊ยะ,Chun Pia,"A Thai-Chinese style fried spring roll made with wheat flour wrappers stuffed with minced pork, glass noodles, and vegetables.",Central,https://th-live-01.slatic.net/p/c21554833f79ba969767052da01ce86b.jpg,Savoury snacks and starters
Salapao,ซาลาเปา,Salapao,"Steamed buns of Chinese origin filled with sweet or savory fillings such as barbecued pork, red bean paste, or custard. Soft and fluffy.",Central,https://ufm.co.th/wp-content/uploads/2022/10/แป้งสาลีในการทำซาลาเปา-แป้งข้าวสาลี-แป้งสาลียูเอฟเอ็ม-สำหรับทำซาลาเปา-ตราบัวแดง-UFM-4-1024x683.jpg,Rice and bread dishes
Soup Asa Ren,ซุปอาสาเรน,Soup Asa Ren,"A Thai-style vegetable and herb soup with egg, providing a light, savory, and nutritious flavor profile.",Central,https://cdn-cms.cpbrandsite.com/web/recipe/wj2r4p7dujsgkwahadevlje5w6v3f9kn7tklo4y7.jpg,Soups
Dok Kung,ดอกกุ้ง,Dok Kung,"A traditional Thai appetizer whose name means 'shrimp flower,' typically made by shaping shrimp paste into flower-like forms and deep-frying until golden.",Central,https://cheewajit.com/app/uploads/2018/04/hc_cuisine_634s.jpg,Savoury snacks and starters
Dok Kai,ดอกไข่,Dok Kai,"A traditional Thai dish made by deep-frying beaten eggs into small flower-like shapes. Light and crispy, it is often served as a savory snack or side dish.",Central,https://s359.kapook.com/pagebuilder/88cab709-c493-4edc-a858-6261dae176dd.jpg,Savoury snacks and starters
Thung Thong,ถุงทอง,Golden Bags,"A crispy fried appetizer made from wonton wrappers filled with minced pork, shrimp, and vegetables, tied like small golden pouches. Served with sweet chili sauce.",Central,https://recipe.sgethai.com/wp-content/uploads/2025/06/100925-thai-money-bags-cover.webp,Savoury snacks and starters
Nam Nang,น้ำหนัง,Nam Nang,"A traditional northern Thai rice cracker made from steamed sticky rice that is sun-dried and deep-fried until crisp. It is light, crunchy, and often eaten as a snack.",,https://api2.krua.co/wp-content/uploads/2022/11/Banner_1140x507-17.jpg,Savoury snacks and starters
Pla Nam,ปลาแนม,Pla Nam,"An old royal Thai dish consisting of minced fish mixed with roasted rice, peanuts, and coconut, served with fresh fruits and herbs. It is savory, sweet, and aromatic.",Central,https://thaifoodmaster.com/wp-content/uploads/2022/02/bplaa_naaem_cover_1200x720.png,Seafood dishes
Pla Haeng Tang Mo,ปลาแห้งแตงโม,Pla Haeng Tang Mo,"A refreshing Thai summer snack of sweet watermelon served with shredded dried fish and sugar. It combines sweet, salty, and savory flavors.",Central,https://recipe.sgethai.com/wp-content/uploads/2025/06/090625-dried-fish-with-watermelon-cover.webp,Savoury snacks and starters
Pan Sip,ปั้นสิบ,Pan Sip,"A Southern Thai deep-fried dumpling filled with minced fish, garlic, and spices. Crispy on the outside and savory inside, it is a popular snack in the South.",South,https://www.thaipower.co/wp-content/uploads/2021/11/Product-เพลินตาปั้นสิบ-6-1.jpg,Savoury snacks and starters
Pa Thong Ko,ปาท่องโก๋,Pa Thong Ko,"Thai-style deep-fried dough sticks made from flour and yeast. Crispy on the outside and soft inside, they are often eaten with coffee or condensed milk at breakfast.",Central,https://f.ptcdn.info/296/060/000/pgot768vy70zs0XHCOFT-o.jpg,Sweet snacks
Poh Pia,เปาะเปี๊ยะ,Spring Rolls,"Deep-fried rolls filled with minced pork, glass noodles, and vegetables. A Thai adaptation of Chinese spring rolls, crispy and savory.",Central,https://api2.krua.co/wp-content/uploads/2020/06/SlideBanne_RI0032_1140x507.jpg,Savoury snacks and starters
Mata Ba,มะตะบะ,Mata Ba,"A Southern Thai stuffed roti filled with egg, onion, and vegetables, pan-fried until golden. It has Indian-Malay influences and is both savory and filling.",South,https://i.ytimg.com/vi/tgrCzlNJ7gk/maxresdefault.jpg,Rice and bread dishes
Ma Uan,ม้าอ้วน,Ma Uan,"A Thai-Chinese steamed meatball dish made from minced pork mixed with soy sauce, garlic, and pepper. Soft and savory, it is often eaten with rice as a homestyle comfort food.",,https://api2.krua.co/wp-content/uploads/2020/07/RT1539_Gallery_02-scaled.jpg,Savoury snacks and starters
Ma Ho,ม้าฮ่อ,Ma Ho,"A traditional royal Thai appetizer where minced pork or chicken stir-fried with garlic and peanuts is served on pineapple or tangerine slices. It is sweet, salty, and tangy.",Central,https://cdn-cms.cpbrandsite.com/web/recipe/2is8k6e1z1yk64keeugmydgkfhey7msb2vcf27oa.jpg,Savoury snacks and starters
Miang Kham,เมี่ยงคำ,Miang Kham,"A traditional Thai snack of wild betel leaves wrapped around roasted coconut, peanuts, lime, chili, dried shrimp, and palm sugar syrup. It is sweet, salty, spicy, and aromatic.",Central,https://veganlokaa.com/wp-content/uploads/2023/11/Sweet-peanut-sauce-meang-kum-thai-apptizer1.jpeg,Savoury snacks and starters
La Tiang,ล่าเตียง,La Tiang,"A royal Thai appetizer made of a golden egg net filled with minced pork, shrimp, and herbs. It is delicate, savory, and historically served at banquets.",Central,https://api2.krua.co/wp-content/uploads/2020/07/RT1533_ImageBanner_1140x507-01.jpg,Savoury snacks and starters
Roti,โรตี,Roti,"A flaky flatbread of Indian origin, made from flour and oil, pan-fried until golden. In Thailand, it is often served with sweetened condensed milk or curry.",South,https://cdn.foodaciously.com/static/recipes/444af043-9256-4280-b235-058ced809efd/thai-banana-pancakes-with-chocolate-sauce-d144575a30e6581b8e4feb5e78be6474-1920-q80.jpg,Dessert
Loba,โลบะ,Loba,"A Southern Thai-Chinese dish of deep-fried pork offal and tofu seasoned with five-spice powder. It is savory, aromatic, and commonly served with dipping sauce.",South,https://live.phuketindex.com/th/wp-content/uploads/2015/01/l8.jpg,Meat dishes
Vihok Long Rang,วิหคหลงรัง,Vihok Long Rang,A rare royal Thai appetizer whose name means 'bird lost in the nest.' It features minced meat and herbs wrapped in thin egg strands and fried until golden.,Central,https://www.pholfoodmafia.com/wp-content/uploads/2021/07/6Lost-bird.jpg,Savoury snacks and starters
Som Choon Yam,ส้มฉุน (ยำ),Som Choon Yam,"A refreshing Thai fruit salad combining seasonal fruits with herbs, fish sauce, and sometimes dried shrimp. It is sweet, sour, and slightly savory.",Central,https://api2.krua.co/wp-content/uploads/2021/03/SEO-1200x630-22.jpg,Salads
Srong,สร่ง,Srong,"A royal Thai appetizer made of seasoned minced pork wrapped in golden egg strands. It is savory, delicate, and traditionally served at ceremonial feasts.",Central,https://i.ytimg.com/vi/DDZ5ZIq8_Ac/maxresdefault.jpg,Savoury snacks and starters
Sate,สะเต๊ะ,Satay,"Grilled skewers of marinated meat served with a rich peanut sauce and cucumber relish. A dish of Malay and Indonesian origin, popular in Southern Thailand.",South,https://www.pholfoodmafia.com/wp-content/uploads/2019/08/3Chicken-Satay-big.jpg,Grilled dishes
Moo Takro,หมูตะกร้อ,Moo Takro,"A traditional pork snack made from minced pork seasoned with herbs and spices, shaped into small balls, and deep-fried until golden.",Central,https://i.ytimg.com/vi/M1S0bo7en6Q/maxresdefault.jpg,Savoury snacks and starters
Moo Ping,หมูปิ้ง,Moo Ping,"Skewered pork marinated in soy sauce, garlic, and herbs, then grilled over charcoal for a smoky, savory flavor. A popular Thai street food often served with sticky rice.",Central,https://i.ytimg.com/vi/TYrbZehJ3_M/maxresdefault.jpg,Grilled dishes
Rum,หรุ่ม,Rum,"A royal Thai appetizer made of seasoned minced pork and vegetables wrapped in a delicate net of thin egg strands, giving it an elegant appearance and light taste.",Central,https://urbancreature.co/wp-content/uploads/2020/09/00-rooooom-web.jpg,Savoury snacks and starters
Hoi Tak,หอยตาก,Hoi Tak,"Dried shellfish or clams, sun-dried for preservation and later grilled or fried. Typically enjoyed as a rustic seafood snack with dipping sauces.",South,https://encrypted-tbn0.gstatic.com/images?q=tbn:ANd9GcTzWRbrMFl8vM1m139P7EKUu-dd3bWJQAbg9Q&s,Seafood dishes
Hoi Siab Jim Malakor,หอยเสียบจิ้มมะละกอ,Hoi Siab Jim Malakor,"Shellfish skewers served with shredded papaya and spicy dipping sauce, combining fresh seafood with tangy, refreshing flavors.",Central,https://mpics.mgronline.com/pics/Images/567000003558302.JPEG,Seafood dishes
A Pong,อาโป้ง,A Pong,"A Phuket specialty dessert made with rice flour, coconut milk, and sugar, cooked into thin crispy pancakes that are soft in the center.",South,https://www.lemon8-app.com/seo/image?item_id=7410080826362233360&index=0&sign=90d780f60f4dabbfef9bb36c75831689,Desserts
O Tao,โอต้าว,O Tao,"A Phuket street food stir-fry made with small oysters, taro, eggs, and crispy pork crackling. It is savory, rich, and often cooked on a large flat pan.",South,https://encrypted-tbn0.gstatic.com/images?q=tbn:ANd9GcRJTByDiE8ykdmqGK9cWezvLcgRSxITHnFlOg&s,Savoury snacks and starters
Hoi Jo,ฮ่อยจ๊อ,Crab Meat Rolls,"A deep-fried appetizer made from crab meat, minced pork, and spices wrapped in tofu skin. Crispy outside and flavorful inside, it is often served with plum sauce.",Central,https://www.sgethai.com/wp-content/uploads/2023/05/7_result.webp,Savoury snacks and starters
Ha Kun,แฮ่กึ๊น,Ha Kun,"A Thai-Chinese style deep-fried roll similar to Hoi Jo, made with minced seafood, pork, and seasonings wrapped in tofu skin. Crunchy and savory.",,https://i.ytimg.com/vi/BoE5DxLZw-A/maxresdefault.jpg,Savoury snacks and starters
Kraya Sat,กระยาสารท,Kraya Sat,"A traditional Thai sweet made from sticky rice, peanuts, sesame, and sugar syrup. It is crunchy, sweet, and often enjoyed during the Sart Thai festival.",Central,https://recipe.sgethai.com/wp-content/uploads/2025/05/cover-21052025-krayasart_result.webp,Desserts
Kluay Kaek,กล้วยแขก,Thai Fried Bananas,"A popular Thai street snack of ripe bananas coated in flour batter and deep-fried until golden and crispy. It is sweet, crunchy, and often sprinkled with sesame seeds.",Central,https://i.ytimg.com/vi/gGS9MW4lNO8/maxresdefault.jpg,Sweet snacks
Kluay Buat Chi,กล้วยบวชชี,Bananas in Coconut Milk,"A classic Thai dessert of ripe bananas gently simmered in sweetened coconut milk. It is creamy, fragrant, and mildly sweet.",Central,https://recipe.sgethai.com/wp-content/uploads/2025/04/230425-Banana-in-coconut-milk-cover.webp,Desserts
Kleeb Lamduan,กลีบลำดวน,Lamduan Flower Cookies,"A traditional Thai shortbread cookie shaped like lamduan flowers, made from rice flour, sugar, and coconut milk. It is mildly sweet and crumbly.",Central,https://www.sentangsedtee.com/wp-content/uploads/2021/07/220521688_4625283830837566_6723122951469045720_n.jpg,Desserts
Kalamae,กะละแม,Kalamae,"A sticky Thai toffee-like candy made from glutinous rice flour, coconut milk, and palm sugar. It is chewy, sweet, and often enjoyed during festivals.",South,https://upload.wikimedia.org/wikipedia/commons/thumb/3/35/YosriDodol1.jpg/1200px-YosriDodol1.jpg,Desserts
Kaeng Buat,แกงบวด,Sweet Coconut Milk Dessert,"A classic Thai dessert of fruits or tubers such as pumpkin, taro, or bananas simmered in coconut milk and sugar. It is creamy, mildly sweet, and comforting.",Central,https://img.wongnai.com/p/1920x0/2018/08/05/299ddcaf05df4f5b831da3927634543e.jpg,Desserts
Kanom Gong,ขนมกง,Kanom Gong,"A traditional Thai ring-shaped dessert made from rice flour and sugar, deep-fried until golden and crispy. Often compared to donuts.",Central,https://encrypted-tbn0.gstatic.com/images?q=tbn:ANd9GcQeqBqDKNleVShHc34mhMHm2oYatRz3NU6I2Q&s,Desserts
Kanom Grok,ขนมกรอก,Kanom Grok,"A sweet snack made with rice flour, shredded coconut, and sugar, steamed or molded into small pieces. It has a chewy and lightly sweet taste.",,https://library.wu.ac.th/NST_localinfo/wp-content/uploads/sites/11/2024/01/S__21422090.jpg,Sweet snacks
Kanom Ko,ขนมก้อ,Kanom Ko,"Glutinous rice flour dumplings filled with palm sugar and coated in grated coconut. Chewy and sweet, often made for special occasions.",,https://i.ytimg.com/vi/hrAkifNs4j4/maxresdefault.jpg,Desserts
Kanom Khai,ขนมไข่,Egg Sponge Cake,"A Thai sweet snack made with eggs, flour, and sugar, baked into small golden cakes. It is fluffy, light, and has a mildly sweet eggy flavor.",,https://api2.krua.co/wp-content/uploads/2020/09/RK0076_ImageBannerMobile_960x633_New-scaled.jpg,Sweet snacks
Kanom Khai Nok Krata,ขนมไข่นกกระทา,Sweet Potato Balls,"A popular Thai street snack made from mashed sweet potato mixed with flour and sugar, shaped into small balls, and deep-fried until crispy outside and chewy inside.",,https://i.ytimg.com/vi/gLQJ7pWnzts/maxresdefault.jpg,Sweet snacks
Kanom Khai Hong,ขนมไข่หงส์,Sesame Glutinous Rice Balls,"A Thai-Chinese sweet snack made from glutinous rice flour dough filled with mung bean paste, deep-fried, and coated with sesame seeds. Crispy outside and soft inside, it is similar to Chinese 'Jian Dui.'",,https://api2.krua.co/wp-content/uploads/2023/03/RK0194_ImageBanner_1140x507.jpg,Sweet snacks
Kanom Krok,ขนมครก,Coconut Rice Pancakes,"A popular Thai street snack made from rice flour, sugar, and coconut milk, cooked in a cast-iron pan. It is crispy on the outside and soft, sweet, and creamy inside.",,https://api2.krua.co/wp-content/uploads/2020/06/ImageBanner_RK0129_1140x507.jpg,Sweet snacks
Kanom Kui Ling,ขนมควยลิง,Monkey Penis Snack,"A traditional Thai sweet snack with a humorous name, made from rice flour, sugar, and shredded coconut, shaped into elongated pieces. It is chewy and mildly sweet.",,https://www.silpa-mag.com/wp-content/uploads/2025/05/473992873_1766088554228689_6597659571631724674_n.jpg,Sweet snacks
Kanom Chak,ขนมจาก,Grilled Coconut Pancake,"A rustic Thai sweet made from rice flour, coconut, and palm sugar, wrapped in nipa palm leaves and grilled. It has a smoky aroma and chewy texture.",Central,https://samutprakantravel.wordpress.com/wp-content/uploads/2019/12/68d45ed4cf067e7e765ad07bc5e32069.jpg,Sweet snacks
Kanom Jor Hu,ขนมเจาะหู,Ear-Pierced Dessert,"An old-fashioned Thai dessert whose name means 'pierced ear,' traditionally shaped with a hole in the center. Made with rice flour and sugar, it is deep-fried until crisp.",,https://culturio.sac.or.th/storage/content/cover/0undgTgI5XDxMQYwt1txjwdFrzqnRFCJ.jpg,Desserts
Kanom Chamod,ขนมชะมด,Kanom Chamod,"A traditional Thai dessert made from glutinous rice flour and coconut milk, shaped into small dumplings and coated in grated coconut. It is soft, chewy, and mildly sweet.",,https://s359.kapook.com/pagebuilder/bb63287b-9aca-4fe4-af09-2262b056c8c1.jpg,Desserts
Kanom Chan,ขนมชั้น,Layered Dessert,"A traditional Thai dessert made from rice flour, tapioca flour, coconut milk, and sugar, steamed into colorful layers. It is soft, chewy, and often prepared in 9 layers to symbolize prosperity.",,https://agarmermaid.com/wp-content/uploads/2022/11/shutterstock_1623583255-1-1024x683.jpg,Desserts
Kanom Chang Ma,ขนมแชงม้า,Kanom Chang Ma,"A traditional northern Thai dessert made from glutinous rice flour shaped into small balls, boiled, and coated in grated coconut. It is chewy, mildly sweet, and often served at local festivals.",,https://img-global.cpcdn.com/recipes/45eb2c9928399387/1200x630cq80/photo.jpg,Desserts
Kanom Tom,ขนมต้ม,Coconut Rice Balls,"Glutinous rice flour dumplings filled with palm sugar and rolled in grated coconut. It is chewy, sweet, and commonly prepared for traditional ceremonies.",,https://recipe.sgethai.com/wp-content/uploads/2025/05/cover-khanom-tom_result.webp,Desserts
Kanom Tan,ขนมตาล,Palm Sugar Cakes,"A steamed dessert made from palm sugar, rice flour, and coconut milk. It is fluffy, sweet, and has a distinct aroma from toddy palm fruit.",Central,https://recipe.sgethai.com/wp-content/uploads/2025/05/220525-sugar-palm-cake-cover.webp,Desserts
Kanom Thuai,ขนมถ้วย,Coconut Milk Custard,"A Thai dessert served in small ceramic cups, made with rice flour, coconut milk, and sugar. It has a salty-sweet coconut topping over a soft base.",,https://recipe.sgethai.com/wp-content/uploads/2025/04/cover-Kanom-Tuay.webp,Desserts
Kanom Thuai Fu,ขนมถ้วยฟู,Steamed Rice Flour Cake,"A fluffy Thai dessert made from rice flour, sugar, yeast, and coconut milk, steamed until it rises and 'blooms.' It is colorful, light, and mildly sweet.",,https://img.wongnai.com/p/1920x0/2022/10/19/7deaac62fac34341a695d437c61a28de.jpg,Desserts
Kanom Thang Taek,ขนมถังแตก,Stuffed Pancake,"A popular Thai street snack made from rice flour pancakes filled with shredded coconut, sugar, and sesame. The name means 'broken bucket,' symbolizing good fortune.",,https://i.ytimg.com/vi/W4jMj0FiSw4/maxresdefault.jpg,Sweet snacks
Kanom Tua Paeb,ขนมถั่วแปบ,Stuffed Glutinous Rice Dumplings,"A traditional Thai snack made from glutinous rice flour dumplings filled with mung beans and coated with grated coconut and sugar. It is soft, chewy, and lightly sweet.",,https://recipe.sgethai.com/wp-content/uploads/2025/06/cover-02062025-mung-bean-rice-crepe-thai-dessert_result.webp,Sweet snacks
Kanom Thien,ขนมเทียน,Sticky Rice Flour Dumplings,"A Thai dessert made from glutinous rice flour dough filled with either sweet mung bean paste or savory peanut filling, wrapped in banana leaves and steamed. Traditionally eaten during festivals.",,https://dessertsmate.com/wp-content/uploads/2023/08/42-สูตรขนมเทียนไส้หวาน.jpg,Desserts
Kanom Nam Dok Mai,ขนมน้ำดอกไม้,Flower Water Cake,"A soft Thai dessert made from rice flour, sugar, and jasmine-scented water, steamed into delicate flower-like shapes. It has a sweet, floral aroma and a fluffy texture.",,https://s359.kapook.com/pagebuilder/c3021e7e-38f9-411e-a09c-cdbd4148ba3e.jpg,Desserts
Kanom Nian,ขนมเนียล,Kanom Nian,"A traditional Thai Muslim dessert made from glutinous rice flour mixed with coconut milk, wrapped in banana leaves, and steamed. It is soft, mildly sweet, and often enjoyed during festivals.",,https://img.wongnai.com/p/1920x0/2019/02/11/4c36055dd4b44abe81642ef4c2346cdc.jpg,Desserts
Kanom Ba Bin,ขนมบ้าบิ่น,Grilled Coconut Cake,"A Thai sweet snack made from glutinous rice flour, shredded coconut, sugar, and coconut milk, grilled until golden and chewy. It is fragrant and lightly sweet.",,https://dessertsmate.com/wp-content/uploads/2023/09/146-ขนมบ้าบิ่นมันม่วง-เนื้อนุ่ม-หอมมัน.jpg,Sweet snacks
Kanom Beung,ขนมเบื้อง,Thai Crispy Pancakes,"A famous Thai street snack made with crispy rice flour shells filled with sweet or savory toppings, often coconut cream, shredded coconut, or shrimp. It is crunchy and flavorful.",,https://img.wongnai.com/p/1920x0/2018/05/09/bb9224e414c841ef95c7d91a546aabc9.jpg,Sweet snacks
Kanom Pia,ขนมเปี๊ยะ,Thai Mooncake,"A pastry with Chinese origins, made with flour and filled with mung bean paste, taro, or salted egg yolk. It is flaky, soft, and slightly sweet.",,https://api2.krua.co/wp-content/uploads/2022/09/Banner_1140x507-3.jpg,Sweet snacks
Kanom Ping,ขนมผิง,Thai Coconut Cookies,"Small round cookies made with flour, sugar, and coconut milk. They are crumbly, melt-in-the-mouth, and aromatic with a toasted coconut flavor.",,https://img.wongnai.com/p/1920x0/2021/01/05/d39f31d6ca594cf8b31dbdb7e966655c.jpg,Sweet snacks
Kanom Farang Kudi Chin,ขนมฝรั่งกุฎีจีน,Kudi Chin Cake,"A Portuguese-influenced Thai dessert from the Kudi Chin community, made with flour, sugar, and dried fruits. It resembles a sponge cake with a rich, sweet flavor.",Central,https://www.matichon.co.th/weekly/wp-content/uploads/2019/12/อานำ-3.jpg,Desserts
Kanom Piak Pun,ขนมเปียกปูน,Black Coconut Pudding,"A soft, jelly-like dessert made from rice flour, palm sugar, and coconut milk, often black in color from burnt sugar or pandan. It is chewy, sweet, and aromatic.",,https://api2.krua.co/wp-content/uploads/2020/06/SEOForm_RK_0032_1200x630.jpg,Desserts
Kanom Man Sampalang,ขนมมันสำปะหลัง,Cassava Cake,"A chewy Thai dessert made from grated cassava mixed with flour, sugar, and coconut milk, then baked or steamed until golden. It is sweet, dense, and fragrant.",,https://recipe.sgethai.com/wp-content/uploads/2025/05/cover-30052025-thai-steamed-cassava-cake_result.webp,Desserts
Kanom Muang Phet,ขนมเมืองเพชร,Kanom Muang Phet,"A specialty dessert from Phetchaburi province, famous for sweets made with palm sugar, rice flour, and coconut milk. It reflects the region’s rich dessert-making tradition.",Central,https://image.posttoday.com/media/content/2018/07/25/5DA356AD2D2B4CF3BCC04D9D9F7FCB9A.jpg,Desserts
Kanom La,ขนมลา,Kanom La,"A Southern Thai dessert made from rice flour and sugar, spun into delicate lace-like threads and fried. It is crispy, golden, and traditionally offered during merit-making ceremonies.",South,https://recipe.sgethai.com/wp-content/uploads/2025/05/220525-khanom-la-cover01.webp,Desserts
Kanom Luem Gluen,ขนมลืมกลืน,Forget Me Not Dessert,"A soft Thai dessert made from rice flour, sugar, and coconut milk, with a jelly-like texture that melts in the mouth. Its name means 'so delicious you forget to swallow.'",,https://api2.krua.co/wp-content/uploads/2020/06/SlideBanner_RK0035_1140x507.jpg,Desserts
Kanom Luk Gawad,ขนมลูกกวาด,Kanom Luk Gawad,"A rare Thai sweet, literally meaning 'candy sweet,' traditionally made with sugar syrup and shaped into colorful, glossy pieces. It is mostly found in older regional recipes.",,https://cdn.pixabay.com/photo/2017/01/04/19/41/candes-1952997_1280.jpg,Desserts
Kanom Mor Kaeng,ขนมหม้อแกง,Thai Custard Cake,"A rich Thai dessert made from flour, coconut milk, sugar, and eggs, often baked with taro, mung beans, or fried shallots on top. It is sweet, creamy, and fragrant.",Central,https://wa-mitrpholsugar-new.azurewebsites.net/wp-content/uploads/2022/09/Web-Feature-img_ขนมหม้อแกงไข่ขาว_1568x1044.jpg,Desserts
Khao Daek Nga,ข้าวแดกงา,Sesame Rice Cake,"A chewy Thai sweet snack made from rice flour mixed with sugar and coated in sesame seeds. It is nutty, lightly sweet, and eaten as a local treat.",,https://static.thairath.co.th/media/Dtbezn3nNUxytg04OKaOBHf0tWSIb1BSXAzUcmIWVecbto.jpg,Sweet snacks
Khao Tom Nam Woon,ข้าวต้มน้ำวุ้น,Sweet Sticky Rice in Syrup,"A Thai dessert made from glutinous rice cooked with coconut milk and sugar, sometimes served with syrup or jelly. It is soft, sweet, and comforting.",,https://dessertsmate.com/wp-content/uploads/2023/09/120-ข้าวต้มน้ำวุ้น-เหนียวนุ่ม-หวานหอม.jpg,Desserts
Khao Tu,ข้าวตู,Khao Tu,"A sweet snack made from leftover toasted rice mixed with sugar and coconut milk, pressed into soft, crumbly cakes. It is rustic, sweet, and fragrant.",,https://recipe.sgethai.com/wp-content/uploads/2025/05/cover-dried-rice-balls-and-coconut_result.webp,Sweet snacks
Khao Pong,ข้าวโป่ง,Puffed Rice Cake,"A crispy Thai snack made from rice flour and sugar, sometimes mixed with coconut milk before being sun-dried and puffed over heat. It is crunchy and mildly sweet.",,https://dessertsmate.com/wp-content/uploads/2023/09/125-ข้าวเกรียบว่าว-หรือข้าวโป่งขนมทานเล่นโบราณ.jpg,Savoury snacks and starters
Khao Ya Khu,ข้าวยาคู,Rice Porridge Dessert,"A ceremonial Thai dessert made from young green rice simmered with coconut milk and sugar. It has a smooth, porridge-like consistency and is often offered during festivals.",,https://api2.krua.co/wp-content/uploads/2022/01/Banner_1140x507-12.jpg,Desserts
Khao Lam,ข้าวหลาม,Sticky Rice in Bamboo,"A famous Thai dessert of glutinous rice mixed with coconut milk and sugar, then slow-cooked inside bamboo tubes. It is smoky, sweet, and slightly sticky.",,https://buatiprice.com/wp-content/uploads/2023/01/image2.jpg,Desserts
Khao Niao Mamuang,ข้าวเหนียวมะม่วง,Mango Sticky Rice,"A world-famous Thai dessert made with sweet glutinous rice, fresh ripe mango slices, and rich coconut milk. It is sweet, creamy, and refreshing.",,https://static.thairath.co.th/media/dFQROr7oWzulq5Fa4L9Li4FZdTxInCszMGIaNGL8TChHJw2dsW7S8TciWxonNDvkA4B.jpg,Desserts
Khanom,ฆานม,Khanom,"A general term for Thai sweets, traditionally made with rice flour, coconut milk, and sugar. This entry refers to an old-fashioned style of dessert preparation.",,https://2g.pantip.com/cafe/gallery/topic/G11964168/G11964168-14.jpg,Desserts
Ja Mongkut,จ่ามงกุฎ,Crown Dessert,"A rare royal Thai dessert shaped like a crown, made with flour, sugar, egg yolks, and scented jasmine water. It symbolizes honor and high status.",Central,https://api2.krua.co/wp-content/uploads/2020/06/SEOForm_RK0007_1200x630.jpg,Desserts
Chao Kuai,เฉาก๊วย,Grass Jelly,"A cooling Thai dessert made from grass jelly, usually served with syrup, crushed ice, or mixed with milk tea. It is refreshing and mildly bitter-sweet.",,https://dessertsmate.com/wp-content/uploads/2023/10/166-เฉาก๊วยโบราณ-หวานหอมน้ำตาลทรายแดง.jpg,Desserts
Sa Rim,ซ่าหริ่ม,Sweet Vermicelli in Coconut Milk,A Thai dessert made from colorful strands of mung bean or rice flour vermicelli served in sweetened coconut milk with crushed ice. It is refreshing and lightly sweet.,,https://s359.kapook.com/pagebuilder/b564573e-2226-4674-883d-d5aa7add42aa.jpg,Desserts
Dara Thong,ดาราทอง,Golden Star Dessert,"A traditional royal Thai dessert shaped like a golden star, made from flour, sugar, and egg yolks. It is delicate and symbolizes wealth and prosperity.",,https://recipe.sgethai.com/wp-content/uploads/2025/05/cover-28052025-kanom-dara-thong_result.webp,Desserts
Tu Bo,ตูโบ้,Tu Bo Dessert,"A Southern Thai dessert made with taro, sweet potato, and black beans cooked in sweet coconut milk. It is hearty, creamy, and mildly sweet.",South,https://f.ptcdn.info/479/052/000/ot65mr1z9rqkypnhPkz-o.jpg,Desserts
Tau Huai,เต้าฮวย,Soy Milk Pudding,"A soft and silky tofu pudding served in a warm syrup made with sugar, ginger, or pandan. It is light, smooth, and often enjoyed as a comforting dessert.",,https://cheewajit.com/app/uploads/2020/09/เต้าฮวยน้ำขิง-02.jpg,Desserts
Thu Kiao Tom Nam Tan,ถั่วเขียวต้มน้ำตาล,Sweet Mung Bean Dessert,"A simple Thai dessert made from boiled mung beans simmered in sweet syrup, sometimes finished with coconut milk. It is sweet, soft, and nourishing.",,https://api2.krua.co/wp-content/uploads/2020/06/SEOForm_RK0062_1200x630.jpg,Desserts
Thong Yod,ทองหยอด,Golden Drops,"A traditional Thai dessert made from egg yolks and flour dripped into boiling syrup to form golden teardrop shapes. It is soft, sweet, and symbolizes prosperity.",,https://www.telephoneagar.com/wp-content/uploads/2024/01/Sweet-gold-egg-yolk-drop.jpg,Desserts
Thong Yip,ทองหยิบ,Pinched Gold Egg Yolks,"A traditional Thai royal dessert made from egg yolks, flour, and sugar, shaped into delicate flower-like forms. It symbolizes wealth and prosperity.",,https://img.wongnai.com/p/1920x0/2022/05/05/0e1ed3a486d14bc8a5cc9317d38a4317.jpg,Desserts
Thong Ek,ทองเอก,Thong Ek,"One of Thailand’s most exquisite desserts, made from egg yolks, flour, and sugar, molded into golden flower shapes. It represents elegance and is often given as a gift of good fortune.",,https://img.wongnai.com/p/1968x0/2020/03/29/9355e5a358114a848657df1d80f90a61.jpg,Desserts
Tub Tim Grob,ทับทิมกรอบ,Red Ruby Dessert,"A refreshing Thai dessert of water chestnuts coated in tapioca flour, dyed red to resemble rubies, and served in sweetened coconut milk with ice.",,https://api2.krua.co/wp-content/uploads/2020/06/SlideBanner_RK0066_1140x507.jpg,Desserts
Nam Khaeng Sai,น้ำแข็งไส,Thai Shaved Ice,"A popular Thai street dessert made with finely shaved ice, flavored syrups, coconut milk, and assorted toppings such as fruits, jellies, or beans. It is colorful and cooling.",,https://img-global.cpcdn.com/recipes/0bcf47df202716c4/1200x630cq80/photo.jpg,Desserts
Phi Tai Wak,ผีตายหวาก,Phi Tai Wak,"A rare and old-fashioned Thai dessert whose name literally translates to 'ghost died in swamp.' It is made with flour, coconut milk, and palm sugar, giving it a dark and rich sweetness.",,https://upload.wikimedia.org/wikipedia/commons/thumb/8/8e/Food_仙草%2C_米苔目%2C_呷二嘴%2C_台北_%2818285267406%29.jpg/1200px-Food_仙草%2C_米苔目%2C_呷二嘴%2C_台北_%2818285267406%29.jpg,Desserts
Foi Thong,ฝอยทอง,Golden Threads,"A dessert of Portuguese origin, made from egg yolks drizzled into sugar syrup to form golden threads. It is symbolic of longevity and prosperity in Thai culture.",,https://recipe.sgethai.com/wp-content/uploads/2025/05/150525-foi-thong-cover.webp,Desserts
Fak Khiao Kwan,ฟักเขียวกวน,Candied Wax Gourd,"A traditional Thai dessert made by simmering wax gourd with sugar and coconut milk until thick and sticky. It is sweet, fragrant, and chewy in texture.",,https://www.kcfresh.com/sites/default/files/maxresdefault.jpg,Desserts
Mamuang Kwan,มะม่วงกวน,Mango Fruit Leather,A chewy dessert made from ripe mango purée cooked with sugar and spread into thin sheets to dry. It has a tangy-sweet flavor and is often enjoyed as a snack.,,https://img.wongnai.com/p/1920x0/2022/05/02/c6d1b7e1b3104bc7bcba76ab050ca58b.jpg,Desserts
Maskot,มัศกอด,Maskot,"A rare Thai dessert believed to be prepared from flour, coconut milk, and sugar, shaped into soft sweet confections. It is found in regional and traditional recipes.",,https://dessertsmate.com/wp-content/uploads/2024/01/190-ขนมมัศกอด.jpg,Desserts
Med Kanoon,เม็ดขนุน,Golden Jackfruit Seeds,"A classic Thai dessert made from mung bean paste mixed with sugar and egg yolk, shaped to resemble jackfruit seeds, and simmered in syrup. It is smooth, golden, and delicately sweet.",,https://www.pholfoodmafia.com/wp-content/uploads/2018/05/12MedKanoonbig.jpg,Desserts
Rai Rai,เรไร,Rai Rai,"A traditional Thai dessert of delicate steamed rice flour noodles, served with sweetened coconut milk. It is fragrant, soft, and lightly sweet.",,https://img.wongnai.com/p/1968x0/2018/12/15/87fef54e03b148db9ed548534b2c5b91.jpg,Desserts
Roti Sai Mai,โรตีสายไหม,Thai Cotton Candy Roti,"A popular street snack from Ayutthaya, consisting of thin roti wraps filled with colorful spun sugar (cotton candy). It is sweet, chewy, and crunchy at the same time.",Central,https://www.sgethai.com/wp-content/uploads/2021/11/7.jpg,Dessert
Lot Chong,ลอดช่อง,Thai Cendol,A chilled dessert made with pandan-flavored rice flour noodles served in sweetened coconut milk and crushed ice. Refreshing and popular during hot weather.,,https://s359.kapook.com/pagebuilder/1b30a4c9-dbe6-46d5-8477-e8bc66bb94a7.jpg,Desserts
Luk Chup,ลูกชุบ,Fruit-shaped Mung Bean Dessert,"A traditional Thai dessert made from sweetened mung bean paste shaped and painted to resemble miniature fruits. It is coated in a shiny gelatin glaze for a colorful, glossy finish.",Central,https://img.wongnai.com/p/1920x0/2018/08/20/3ede96a4333344b5a2dba1215a2c5456.jpg,Desserts
Som Chun,ส้มฉุน,Som Chun Fruit Dessert,"A refreshing Thai dessert of seasonal fruits soaked in syrup with ginger, shallots, and a pinch of salt. It has a sweet, tangy, and slightly spicy flavor.",Central,https://api2.krua.co/wp-content/uploads/2021/03/SEO-1200x630-22.jpg,Desserts
Sankhaya Kuan,สังขยา (กวน),Stirred Coconut Custard,"A Thai custard made from eggs, coconut milk, and sugar, slowly stirred until thick. It is rich, creamy, and often eaten with sticky rice.",,https://www.sgethai.com/wp-content/uploads/2022/08/SK001.webp,Desserts
Sankhaya Nueng,สังขยา (นึ่ง),Steamed Coconut Custard,"A steamed Thai custard made with eggs, coconut milk, and palm sugar. Often served in banana leaf cups or used as a filling for pumpkin or bread.",,https://www.sgethai.com/wp-content/uploads/2022/08/SK001.webp,Desserts
Ang Ku,อังกู๊,Ang Ku,"A glutinous rice flour dessert with a chewy texture, traditionally filled with mung bean or sweetened peanut paste. Its name means 'red tortoise cake' and it is often served at festive occasions.",South,https://live.staticflickr.com/7533/29845341892_c87795fcc7_b.jpg,Desserts
A Kao,อาเกาะ,A Kao,"A rare traditional dessert with limited documentation, believed to be a steamed or rice-based sweet found in local Southern Thai or Peranakan communities.",South,https://www.khaosod.co.th/wpapp/uploads/2023/08/col02p1-2.jpg,Desserts
A Lawa,อาละหว่า,A Lawa,"A traditional Thai dessert thought to be influenced by Malay sweets, made with rice flour, coconut milk, and sugar. It has a soft texture and a rich, sweet flavor.",South,https://pbs.twimg.com/media/DHZSj43UQAEJCHt.jpg,Desserts
A Lua,อาลัว,Khanom A-Lua,"A colorful Thai dessert made from wheat flour, sugar, and coconut milk. It is piped into flower-like shapes and baked until the outer shell is crisp while the inside remains soft.",Central,https://recipe.sgethai.com/wp-content/uploads/2025/05/240525-kanom-ar-lua-cover.webp,Desserts
O Aew,โอ้เอ๋ว,O Aew Jelly Dessert,"A refreshing shaved ice dessert from Phuket made with banana-flour jelly, red beans, and syrup. It is light, cooling, and popular during hot weather.",South,https://www.telephoneagar.com/wp-content/uploads/2021/07/phuketian-aiyu-jelly-1.jpg,Desserts
Ice Cream Pad,ไอติมผัด,Fried Ice Cream Rolls,"A modern Thai street dessert made by pouring milk onto an iced metal pan, mixing with fruits or cookies, then scraping into rolls. Known internationally as Thai rolled ice cream.",,https://spicesnflavors.com/wp-content/uploads/2017/08/rolled-ice-cream-1-min.jpg,Desserts
